--------------------------------------------------------
-- Archivo creado  - domingo-junio-18-2023   
--------------------------------------------------------
--------------------------------------------------------
--  DDL for Table AUTH_GROUP
--------------------------------------------------------

  CREATE TABLE "SE_VENDEN_PLANTAS"."AUTH_GROUP" 
   (	"ID" NUMBER(11,0) GENERATED BY DEFAULT ON NULL AS IDENTITY MINVALUE 1 MAXVALUE 9999999999999999999999999999 INCREMENT BY 1 START WITH 1 CACHE 20 NOORDER  NOCYCLE  NOKEEP  NOSCALE , 
	"NAME" NVARCHAR2(150)
   ) SEGMENT CREATION DEFERRED 
  PCTFREE 10 PCTUSED 40 INITRANS 1 MAXTRANS 255 
 NOCOMPRESS LOGGING
  TABLESPACE "USERS" ;
--------------------------------------------------------
--  DDL for Table AUTH_GROUP_PERMISSIONS
--------------------------------------------------------

  CREATE TABLE "SE_VENDEN_PLANTAS"."AUTH_GROUP_PERMISSIONS" 
   (	"ID" NUMBER(19,0) GENERATED BY DEFAULT ON NULL AS IDENTITY MINVALUE 1 MAXVALUE 9999999999999999999999999999 INCREMENT BY 1 START WITH 1 CACHE 20 NOORDER  NOCYCLE  NOKEEP  NOSCALE , 
	"GROUP_ID" NUMBER(11,0), 
	"PERMISSION_ID" NUMBER(11,0)
   ) SEGMENT CREATION DEFERRED 
  PCTFREE 10 PCTUSED 40 INITRANS 1 MAXTRANS 255 
 NOCOMPRESS LOGGING
  TABLESPACE "USERS" ;
--------------------------------------------------------
--  DDL for Table AUTH_PERMISSION
--------------------------------------------------------

  CREATE TABLE "SE_VENDEN_PLANTAS"."AUTH_PERMISSION" 
   (	"ID" NUMBER(11,0) GENERATED BY DEFAULT ON NULL AS IDENTITY MINVALUE 1 MAXVALUE 9999999999999999999999999999 INCREMENT BY 1 START WITH 1 CACHE 20 NOORDER  NOCYCLE  NOKEEP  NOSCALE , 
	"NAME" NVARCHAR2(255), 
	"CONTENT_TYPE_ID" NUMBER(11,0), 
	"CODENAME" NVARCHAR2(100)
   ) SEGMENT CREATION IMMEDIATE 
  PCTFREE 10 PCTUSED 40 INITRANS 1 MAXTRANS 255 
 NOCOMPRESS LOGGING
  STORAGE(INITIAL 65536 NEXT 1048576 MINEXTENTS 1 MAXEXTENTS 2147483645
  PCTINCREASE 0 FREELISTS 1 FREELIST GROUPS 1
  BUFFER_POOL DEFAULT FLASH_CACHE DEFAULT CELL_FLASH_CACHE DEFAULT)
  TABLESPACE "USERS" ;
--------------------------------------------------------
--  DDL for Table AUTH_USER
--------------------------------------------------------

  CREATE TABLE "SE_VENDEN_PLANTAS"."AUTH_USER" 
   (	"ID" NUMBER(11,0) GENERATED BY DEFAULT ON NULL AS IDENTITY MINVALUE 1 MAXVALUE 9999999999999999999999999999 INCREMENT BY 1 START WITH 1 CACHE 20 NOORDER  NOCYCLE  NOKEEP  NOSCALE , 
	"PASSWORD" NVARCHAR2(128), 
	"LAST_LOGIN" TIMESTAMP (6), 
	"IS_SUPERUSER" NUMBER(1,0), 
	"USERNAME" NVARCHAR2(150), 
	"FIRST_NAME" NVARCHAR2(150), 
	"LAST_NAME" NVARCHAR2(150), 
	"EMAIL" NVARCHAR2(254), 
	"IS_STAFF" NUMBER(1,0), 
	"IS_ACTIVE" NUMBER(1,0), 
	"DATE_JOINED" TIMESTAMP (6)
   ) SEGMENT CREATION IMMEDIATE 
  PCTFREE 10 PCTUSED 40 INITRANS 1 MAXTRANS 255 
 NOCOMPRESS LOGGING
  STORAGE(INITIAL 65536 NEXT 1048576 MINEXTENTS 1 MAXEXTENTS 2147483645
  PCTINCREASE 0 FREELISTS 1 FREELIST GROUPS 1
  BUFFER_POOL DEFAULT FLASH_CACHE DEFAULT CELL_FLASH_CACHE DEFAULT)
  TABLESPACE "USERS" ;
--------------------------------------------------------
--  DDL for Table AUTH_USER_GROUPS
--------------------------------------------------------

  CREATE TABLE "SE_VENDEN_PLANTAS"."AUTH_USER_GROUPS" 
   (	"ID" NUMBER(19,0) GENERATED BY DEFAULT ON NULL AS IDENTITY MINVALUE 1 MAXVALUE 9999999999999999999999999999 INCREMENT BY 1 START WITH 1 CACHE 20 NOORDER  NOCYCLE  NOKEEP  NOSCALE , 
	"USER_ID" NUMBER(11,0), 
	"GROUP_ID" NUMBER(11,0)
   ) SEGMENT CREATION DEFERRED 
  PCTFREE 10 PCTUSED 40 INITRANS 1 MAXTRANS 255 
 NOCOMPRESS LOGGING
  TABLESPACE "USERS" ;
--------------------------------------------------------
--  DDL for Table AUTH_USER_USER_PERMISSIONS
--------------------------------------------------------

  CREATE TABLE "SE_VENDEN_PLANTAS"."AUTH_USER_USER_PERMISSIONS" 
   (	"ID" NUMBER(19,0) GENERATED BY DEFAULT ON NULL AS IDENTITY MINVALUE 1 MAXVALUE 9999999999999999999999999999 INCREMENT BY 1 START WITH 1 CACHE 20 NOORDER  NOCYCLE  NOKEEP  NOSCALE , 
	"USER_ID" NUMBER(11,0), 
	"PERMISSION_ID" NUMBER(11,0)
   ) SEGMENT CREATION DEFERRED 
  PCTFREE 10 PCTUSED 40 INITRANS 1 MAXTRANS 255 
 NOCOMPRESS LOGGING
  TABLESPACE "USERS" ;
--------------------------------------------------------
--  DDL for Table DJANGO_ADMIN_LOG
--------------------------------------------------------

  CREATE TABLE "SE_VENDEN_PLANTAS"."DJANGO_ADMIN_LOG" 
   (	"ID" NUMBER(11,0) GENERATED BY DEFAULT ON NULL AS IDENTITY MINVALUE 1 MAXVALUE 9999999999999999999999999999 INCREMENT BY 1 START WITH 1 CACHE 20 NOORDER  NOCYCLE  NOKEEP  NOSCALE , 
	"ACTION_TIME" TIMESTAMP (6), 
	"OBJECT_ID" NCLOB, 
	"OBJECT_REPR" NVARCHAR2(200), 
	"ACTION_FLAG" NUMBER(11,0), 
	"CHANGE_MESSAGE" NCLOB, 
	"CONTENT_TYPE_ID" NUMBER(11,0), 
	"USER_ID" NUMBER(11,0)
   ) SEGMENT CREATION IMMEDIATE 
  PCTFREE 10 PCTUSED 40 INITRANS 1 MAXTRANS 255 
 NOCOMPRESS LOGGING
  STORAGE(INITIAL 65536 NEXT 1048576 MINEXTENTS 1 MAXEXTENTS 2147483645
  PCTINCREASE 0 FREELISTS 1 FREELIST GROUPS 1
  BUFFER_POOL DEFAULT FLASH_CACHE DEFAULT CELL_FLASH_CACHE DEFAULT)
  TABLESPACE "USERS" 
 LOB ("OBJECT_ID") STORE AS SECUREFILE (
  TABLESPACE "USERS" ENABLE STORAGE IN ROW 4000 CHUNK 8192
  NOCACHE LOGGING  NOCOMPRESS  KEEP_DUPLICATES 
  STORAGE(INITIAL 262144 NEXT 1048576 MINEXTENTS 1 MAXEXTENTS 2147483645
  PCTINCREASE 0
  BUFFER_POOL DEFAULT FLASH_CACHE DEFAULT CELL_FLASH_CACHE DEFAULT)) 
 LOB ("CHANGE_MESSAGE") STORE AS SECUREFILE (
  TABLESPACE "USERS" ENABLE STORAGE IN ROW 4000 CHUNK 8192
  NOCACHE LOGGING  NOCOMPRESS  KEEP_DUPLICATES 
  STORAGE(INITIAL 262144 NEXT 1048576 MINEXTENTS 1 MAXEXTENTS 2147483645
  PCTINCREASE 0
  BUFFER_POOL DEFAULT FLASH_CACHE DEFAULT CELL_FLASH_CACHE DEFAULT)) ;
--------------------------------------------------------
--  DDL for Table DJANGO_CONTENT_TYPE
--------------------------------------------------------

  CREATE TABLE "SE_VENDEN_PLANTAS"."DJANGO_CONTENT_TYPE" 
   (	"ID" NUMBER(11,0) GENERATED BY DEFAULT ON NULL AS IDENTITY MINVALUE 1 MAXVALUE 9999999999999999999999999999 INCREMENT BY 1 START WITH 1 CACHE 20 NOORDER  NOCYCLE  NOKEEP  NOSCALE , 
	"APP_LABEL" NVARCHAR2(100), 
	"MODEL" NVARCHAR2(100)
   ) SEGMENT CREATION IMMEDIATE 
  PCTFREE 10 PCTUSED 40 INITRANS 1 MAXTRANS 255 
 NOCOMPRESS LOGGING
  STORAGE(INITIAL 65536 NEXT 1048576 MINEXTENTS 1 MAXEXTENTS 2147483645
  PCTINCREASE 0 FREELISTS 1 FREELIST GROUPS 1
  BUFFER_POOL DEFAULT FLASH_CACHE DEFAULT CELL_FLASH_CACHE DEFAULT)
  TABLESPACE "USERS" ;
--------------------------------------------------------
--  DDL for Table DJANGO_MIGRATIONS
--------------------------------------------------------

  CREATE TABLE "SE_VENDEN_PLANTAS"."DJANGO_MIGRATIONS" 
   (	"ID" NUMBER(19,0) GENERATED BY DEFAULT ON NULL AS IDENTITY MINVALUE 1 MAXVALUE 9999999999999999999999999999 INCREMENT BY 1 START WITH 1 CACHE 20 NOORDER  NOCYCLE  NOKEEP  NOSCALE , 
	"APP" NVARCHAR2(255), 
	"NAME" NVARCHAR2(255), 
	"APPLIED" TIMESTAMP (6)
   ) SEGMENT CREATION IMMEDIATE 
  PCTFREE 10 PCTUSED 40 INITRANS 1 MAXTRANS 255 
 NOCOMPRESS LOGGING
  STORAGE(INITIAL 65536 NEXT 1048576 MINEXTENTS 1 MAXEXTENTS 2147483645
  PCTINCREASE 0 FREELISTS 1 FREELIST GROUPS 1
  BUFFER_POOL DEFAULT FLASH_CACHE DEFAULT CELL_FLASH_CACHE DEFAULT)
  TABLESPACE "USERS" ;
--------------------------------------------------------
--  DDL for Table DJANGO_SESSION
--------------------------------------------------------

  CREATE TABLE "SE_VENDEN_PLANTAS"."DJANGO_SESSION" 
   (	"SESSION_KEY" NVARCHAR2(40), 
	"SESSION_DATA" NCLOB, 
	"EXPIRE_DATE" TIMESTAMP (6)
   ) SEGMENT CREATION IMMEDIATE 
  PCTFREE 10 PCTUSED 40 INITRANS 1 MAXTRANS 255 
 NOCOMPRESS LOGGING
  STORAGE(INITIAL 65536 NEXT 1048576 MINEXTENTS 1 MAXEXTENTS 2147483645
  PCTINCREASE 0 FREELISTS 1 FREELIST GROUPS 1
  BUFFER_POOL DEFAULT FLASH_CACHE DEFAULT CELL_FLASH_CACHE DEFAULT)
  TABLESPACE "USERS" 
 LOB ("SESSION_DATA") STORE AS SECUREFILE (
  TABLESPACE "USERS" ENABLE STORAGE IN ROW 4000 CHUNK 8192
  NOCACHE LOGGING  NOCOMPRESS  KEEP_DUPLICATES 
  STORAGE(INITIAL 262144 NEXT 1048576 MINEXTENTS 1 MAXEXTENTS 2147483645
  PCTINCREASE 0
  BUFFER_POOL DEFAULT FLASH_CACHE DEFAULT CELL_FLASH_CACHE DEFAULT)) ;
--------------------------------------------------------
--  DDL for Table MENU_CATEGORIA
--------------------------------------------------------

  CREATE TABLE "SE_VENDEN_PLANTAS"."MENU_CATEGORIA" 
   (	"ID_CATEGORIA" NUMBER(11,0) GENERATED BY DEFAULT ON NULL AS IDENTITY MINVALUE 1 MAXVALUE 9999999999999999999999999999 INCREMENT BY 1 START WITH 1 CACHE 20 NOORDER  NOCYCLE  NOKEEP  NOSCALE , 
	"NOMBRE_CATEGORIA" NVARCHAR2(20)
   ) SEGMENT CREATION IMMEDIATE 
  PCTFREE 10 PCTUSED 40 INITRANS 1 MAXTRANS 255 
 NOCOMPRESS LOGGING
  STORAGE(INITIAL 65536 NEXT 1048576 MINEXTENTS 1 MAXEXTENTS 2147483645
  PCTINCREASE 0 FREELISTS 1 FREELIST GROUPS 1
  BUFFER_POOL DEFAULT FLASH_CACHE DEFAULT CELL_FLASH_CACHE DEFAULT)
  TABLESPACE "USERS" ;
--------------------------------------------------------
--  DDL for Table MENU_COMUNA
--------------------------------------------------------

  CREATE TABLE "SE_VENDEN_PLANTAS"."MENU_COMUNA" 
   (	"ID_COM" NUMBER(11,0) GENERATED BY DEFAULT ON NULL AS IDENTITY MINVALUE 1 MAXVALUE 9999999999999999999999999999 INCREMENT BY 1 START WITH 1 CACHE 20 NOORDER  NOCYCLE  NOKEEP  NOSCALE , 
	"NOMBRE" NVARCHAR2(50), 
	"REGION_ID" NUMBER(11,0)
   ) SEGMENT CREATION IMMEDIATE 
  PCTFREE 10 PCTUSED 40 INITRANS 1 MAXTRANS 255 
 NOCOMPRESS LOGGING
  STORAGE(INITIAL 65536 NEXT 1048576 MINEXTENTS 1 MAXEXTENTS 2147483645
  PCTINCREASE 0 FREELISTS 1 FREELIST GROUPS 1
  BUFFER_POOL DEFAULT FLASH_CACHE DEFAULT CELL_FLASH_CACHE DEFAULT)
  TABLESPACE "USERS" ;
--------------------------------------------------------
--  DDL for Table MENU_DETALLE
--------------------------------------------------------

  CREATE TABLE "SE_VENDEN_PLANTAS"."MENU_DETALLE" 
   (	"ID_DETALLE" NUMBER(11,0) GENERATED BY DEFAULT ON NULL AS IDENTITY MINVALUE 1 MAXVALUE 9999999999999999999999999999 INCREMENT BY 1 START WITH 1 CACHE 20 NOORDER  NOCYCLE  NOKEEP  NOSCALE , 
	"CANTIDAD" NUMBER(11,0), 
	"SUBTOTAL" NUMBER(11,0), 
	"FACTURA_ID" NUMBER(11,0), 
	"PRODUCTO_ID" NUMBER(11,0)
   ) SEGMENT CREATION DEFERRED 
  PCTFREE 10 PCTUSED 40 INITRANS 1 MAXTRANS 255 
 NOCOMPRESS LOGGING
  TABLESPACE "USERS" ;
--------------------------------------------------------
--  DDL for Table MENU_DIRECCION
--------------------------------------------------------

  CREATE TABLE "SE_VENDEN_PLANTAS"."MENU_DIRECCION" 
   (	"ID_DIREC" NUMBER(11,0) GENERATED BY DEFAULT ON NULL AS IDENTITY MINVALUE 1 MAXVALUE 9999999999999999999999999999 INCREMENT BY 1 START WITH 1 CACHE 20 NOORDER  NOCYCLE  NOKEEP  NOSCALE , 
	"CALLE" NVARCHAR2(30), 
	"NUM" NVARCHAR2(20), 
	"CODIGO_PO" NVARCHAR2(30), 
	"COMUNA_ID" NUMBER(11,0), 
	"USUARIO_ID" NUMBER(11,0)
   ) SEGMENT CREATION DEFERRED 
  PCTFREE 10 PCTUSED 40 INITRANS 1 MAXTRANS 255 
 NOCOMPRESS LOGGING
  TABLESPACE "USERS" ;
--------------------------------------------------------
--  DDL for Table MENU_FACTURA
--------------------------------------------------------

  CREATE TABLE "SE_VENDEN_PLANTAS"."MENU_FACTURA" 
   (	"ID_FACTURA" NUMBER(11,0) GENERATED BY DEFAULT ON NULL AS IDENTITY MINVALUE 1 MAXVALUE 9999999999999999999999999999 INCREMENT BY 1 START WITH 1 CACHE 20 NOORDER  NOCYCLE  NOKEEP  NOSCALE , 
	"FECHA_COMPRA" DATE, 
	"F_DESPACHO" DATE, 
	"F_ENTREGA" DATE, 
	"ESTATUS" NVARCHAR2(200), 
	"COD_DESPACHO" NVARCHAR2(40), 
	"COSTO_DESPACHO" NUMBER(11,0), 
	"COMP_DESPACHO" NVARCHAR2(30), 
	"TOTAL" NUMBER(11,0), 
	"CARRITO" NVARCHAR2(40), 
	"DIRECCION_ID" NUMBER(11,0), 
	"USUARIO_ID" NUMBER(11,0)
   ) SEGMENT CREATION DEFERRED 
  PCTFREE 10 PCTUSED 40 INITRANS 1 MAXTRANS 255 
 NOCOMPRESS LOGGING
  TABLESPACE "USERS" ;
--------------------------------------------------------
--  DDL for Table MENU_PREGUNTA
--------------------------------------------------------

  CREATE TABLE "SE_VENDEN_PLANTAS"."MENU_PREGUNTA" 
   (	"ID_PREG" NUMBER(11,0) GENERATED BY DEFAULT ON NULL AS IDENTITY MINVALUE 1 MAXVALUE 9999999999999999999999999999 INCREMENT BY 1 START WITH 1 CACHE 20 NOORDER  NOCYCLE  NOKEEP  NOSCALE , 
	"NOMBRE" NVARCHAR2(30)
   ) SEGMENT CREATION IMMEDIATE 
  PCTFREE 10 PCTUSED 40 INITRANS 1 MAXTRANS 255 
 NOCOMPRESS LOGGING
  STORAGE(INITIAL 65536 NEXT 1048576 MINEXTENTS 1 MAXEXTENTS 2147483645
  PCTINCREASE 0 FREELISTS 1 FREELIST GROUPS 1
  BUFFER_POOL DEFAULT FLASH_CACHE DEFAULT CELL_FLASH_CACHE DEFAULT)
  TABLESPACE "USERS" ;
--------------------------------------------------------
--  DDL for Table MENU_PRODUCTO
--------------------------------------------------------

  CREATE TABLE "SE_VENDEN_PLANTAS"."MENU_PRODUCTO" 
   (	"ID_PROD" NUMBER(11,0) GENERATED BY DEFAULT ON NULL AS IDENTITY MINVALUE 1 MAXVALUE 9999999999999999999999999999 INCREMENT BY 1 START WITH 1 CACHE 20 NOORDER  NOCYCLE  NOKEEP  NOSCALE , 
	"NOMBRE_PROD" NVARCHAR2(20), 
	"DESCRIPCION" NVARCHAR2(500), 
	"PRECIO" NUMBER(11,0), 
	"STOCK" NUMBER(11,0), 
	"IMAGEN" NVARCHAR2(100), 
	"CATEGORIA_ID" NUMBER(11,0)
   ) SEGMENT CREATION IMMEDIATE 
  PCTFREE 10 PCTUSED 40 INITRANS 1 MAXTRANS 255 
 NOCOMPRESS LOGGING
  STORAGE(INITIAL 65536 NEXT 1048576 MINEXTENTS 1 MAXEXTENTS 2147483645
  PCTINCREASE 0 FREELISTS 1 FREELIST GROUPS 1
  BUFFER_POOL DEFAULT FLASH_CACHE DEFAULT CELL_FLASH_CACHE DEFAULT)
  TABLESPACE "USERS" ;
--------------------------------------------------------
--  DDL for Table MENU_REGION
--------------------------------------------------------

  CREATE TABLE "SE_VENDEN_PLANTAS"."MENU_REGION" 
   (	"ID_REG" NUMBER(11,0) GENERATED BY DEFAULT ON NULL AS IDENTITY MINVALUE 1 MAXVALUE 9999999999999999999999999999 INCREMENT BY 1 START WITH 1 CACHE 20 NOORDER  NOCYCLE  NOKEEP  NOSCALE , 
	"NOMBRE" NVARCHAR2(50)
   ) SEGMENT CREATION IMMEDIATE 
  PCTFREE 10 PCTUSED 40 INITRANS 1 MAXTRANS 255 
 NOCOMPRESS LOGGING
  STORAGE(INITIAL 65536 NEXT 1048576 MINEXTENTS 1 MAXEXTENTS 2147483645
  PCTINCREASE 0 FREELISTS 1 FREELIST GROUPS 1
  BUFFER_POOL DEFAULT FLASH_CACHE DEFAULT CELL_FLASH_CACHE DEFAULT)
  TABLESPACE "USERS" ;
--------------------------------------------------------
--  DDL for Table MENU_ROL
--------------------------------------------------------

  CREATE TABLE "SE_VENDEN_PLANTAS"."MENU_ROL" 
   (	"ID_ROL" NUMBER(11,0) GENERATED BY DEFAULT ON NULL AS IDENTITY MINVALUE 1 MAXVALUE 9999999999999999999999999999 INCREMENT BY 1 START WITH 1 CACHE 20 NOORDER  NOCYCLE  NOKEEP  NOSCALE , 
	"NOMBRE" NVARCHAR2(30)
   ) SEGMENT CREATION IMMEDIATE 
  PCTFREE 10 PCTUSED 40 INITRANS 1 MAXTRANS 255 
 NOCOMPRESS LOGGING
  STORAGE(INITIAL 65536 NEXT 1048576 MINEXTENTS 1 MAXEXTENTS 2147483645
  PCTINCREASE 0 FREELISTS 1 FREELIST GROUPS 1
  BUFFER_POOL DEFAULT FLASH_CACHE DEFAULT CELL_FLASH_CACHE DEFAULT)
  TABLESPACE "USERS" ;
--------------------------------------------------------
--  DDL for Table MENU_USUARIO
--------------------------------------------------------

  CREATE TABLE "SE_VENDEN_PLANTAS"."MENU_USUARIO" 
   (	"ID_USUARIO" NUMBER(11,0) GENERATED BY DEFAULT ON NULL AS IDENTITY MINVALUE 1 MAXVALUE 9999999999999999999999999999 INCREMENT BY 1 START WITH 1 CACHE 20 NOORDER  NOCYCLE  NOKEEP  NOSCALE , 
	"RUT" NVARCHAR2(12), 
	"NOMBRES" NVARCHAR2(30), 
	"APELLIDOS" NVARCHAR2(30), 
	"TELEFONO" NVARCHAR2(10), 
	"CORREO" NVARCHAR2(50), 
	"CLAVE" NVARCHAR2(20), 
	"RESPUESTA" NVARCHAR2(20), 
	"PREGUNTA_ID" NUMBER(11,0), 
	"ROL_ID" NUMBER(11,0)
   ) SEGMENT CREATION IMMEDIATE 
  PCTFREE 10 PCTUSED 40 INITRANS 1 MAXTRANS 255 
 NOCOMPRESS LOGGING
  STORAGE(INITIAL 65536 NEXT 1048576 MINEXTENTS 1 MAXEXTENTS 2147483645
  PCTINCREASE 0 FREELISTS 1 FREELIST GROUPS 1
  BUFFER_POOL DEFAULT FLASH_CACHE DEFAULT CELL_FLASH_CACHE DEFAULT)
  TABLESPACE "USERS" ;
REM INSERTING into SE_VENDEN_PLANTAS.AUTH_GROUP
SET DEFINE OFF;
REM INSERTING into SE_VENDEN_PLANTAS.AUTH_GROUP_PERMISSIONS
SET DEFINE OFF;
REM INSERTING into SE_VENDEN_PLANTAS.AUTH_PERMISSION
SET DEFINE OFF;
Insert into SE_VENDEN_PLANTAS.AUTH_PERMISSION (ID,NAME,CONTENT_TYPE_ID,CODENAME) values ('1','Can add log entry','1','add_logentry');
Insert into SE_VENDEN_PLANTAS.AUTH_PERMISSION (ID,NAME,CONTENT_TYPE_ID,CODENAME) values ('2','Can change log entry','1','change_logentry');
Insert into SE_VENDEN_PLANTAS.AUTH_PERMISSION (ID,NAME,CONTENT_TYPE_ID,CODENAME) values ('3','Can delete log entry','1','delete_logentry');
Insert into SE_VENDEN_PLANTAS.AUTH_PERMISSION (ID,NAME,CONTENT_TYPE_ID,CODENAME) values ('4','Can view log entry','1','view_logentry');
Insert into SE_VENDEN_PLANTAS.AUTH_PERMISSION (ID,NAME,CONTENT_TYPE_ID,CODENAME) values ('5','Can add permission','2','add_permission');
Insert into SE_VENDEN_PLANTAS.AUTH_PERMISSION (ID,NAME,CONTENT_TYPE_ID,CODENAME) values ('6','Can change permission','2','change_permission');
Insert into SE_VENDEN_PLANTAS.AUTH_PERMISSION (ID,NAME,CONTENT_TYPE_ID,CODENAME) values ('7','Can delete permission','2','delete_permission');
Insert into SE_VENDEN_PLANTAS.AUTH_PERMISSION (ID,NAME,CONTENT_TYPE_ID,CODENAME) values ('8','Can view permission','2','view_permission');
Insert into SE_VENDEN_PLANTAS.AUTH_PERMISSION (ID,NAME,CONTENT_TYPE_ID,CODENAME) values ('9','Can add group','3','add_group');
Insert into SE_VENDEN_PLANTAS.AUTH_PERMISSION (ID,NAME,CONTENT_TYPE_ID,CODENAME) values ('10','Can change group','3','change_group');
Insert into SE_VENDEN_PLANTAS.AUTH_PERMISSION (ID,NAME,CONTENT_TYPE_ID,CODENAME) values ('11','Can delete group','3','delete_group');
Insert into SE_VENDEN_PLANTAS.AUTH_PERMISSION (ID,NAME,CONTENT_TYPE_ID,CODENAME) values ('12','Can view group','3','view_group');
Insert into SE_VENDEN_PLANTAS.AUTH_PERMISSION (ID,NAME,CONTENT_TYPE_ID,CODENAME) values ('13','Can add user','4','add_user');
Insert into SE_VENDEN_PLANTAS.AUTH_PERMISSION (ID,NAME,CONTENT_TYPE_ID,CODENAME) values ('14','Can change user','4','change_user');
Insert into SE_VENDEN_PLANTAS.AUTH_PERMISSION (ID,NAME,CONTENT_TYPE_ID,CODENAME) values ('15','Can delete user','4','delete_user');
Insert into SE_VENDEN_PLANTAS.AUTH_PERMISSION (ID,NAME,CONTENT_TYPE_ID,CODENAME) values ('16','Can view user','4','view_user');
Insert into SE_VENDEN_PLANTAS.AUTH_PERMISSION (ID,NAME,CONTENT_TYPE_ID,CODENAME) values ('17','Can add content type','5','add_contenttype');
Insert into SE_VENDEN_PLANTAS.AUTH_PERMISSION (ID,NAME,CONTENT_TYPE_ID,CODENAME) values ('18','Can change content type','5','change_contenttype');
Insert into SE_VENDEN_PLANTAS.AUTH_PERMISSION (ID,NAME,CONTENT_TYPE_ID,CODENAME) values ('19','Can delete content type','5','delete_contenttype');
Insert into SE_VENDEN_PLANTAS.AUTH_PERMISSION (ID,NAME,CONTENT_TYPE_ID,CODENAME) values ('20','Can view content type','5','view_contenttype');
Insert into SE_VENDEN_PLANTAS.AUTH_PERMISSION (ID,NAME,CONTENT_TYPE_ID,CODENAME) values ('21','Can add session','6','add_session');
Insert into SE_VENDEN_PLANTAS.AUTH_PERMISSION (ID,NAME,CONTENT_TYPE_ID,CODENAME) values ('22','Can change session','6','change_session');
Insert into SE_VENDEN_PLANTAS.AUTH_PERMISSION (ID,NAME,CONTENT_TYPE_ID,CODENAME) values ('23','Can delete session','6','delete_session');
Insert into SE_VENDEN_PLANTAS.AUTH_PERMISSION (ID,NAME,CONTENT_TYPE_ID,CODENAME) values ('24','Can view session','6','view_session');
Insert into SE_VENDEN_PLANTAS.AUTH_PERMISSION (ID,NAME,CONTENT_TYPE_ID,CODENAME) values ('25','Can add categoria','7','add_categoria');
Insert into SE_VENDEN_PLANTAS.AUTH_PERMISSION (ID,NAME,CONTENT_TYPE_ID,CODENAME) values ('26','Can change categoria','7','change_categoria');
Insert into SE_VENDEN_PLANTAS.AUTH_PERMISSION (ID,NAME,CONTENT_TYPE_ID,CODENAME) values ('27','Can delete categoria','7','delete_categoria');
Insert into SE_VENDEN_PLANTAS.AUTH_PERMISSION (ID,NAME,CONTENT_TYPE_ID,CODENAME) values ('28','Can view categoria','7','view_categoria');
Insert into SE_VENDEN_PLANTAS.AUTH_PERMISSION (ID,NAME,CONTENT_TYPE_ID,CODENAME) values ('29','Can add comuna','8','add_comuna');
Insert into SE_VENDEN_PLANTAS.AUTH_PERMISSION (ID,NAME,CONTENT_TYPE_ID,CODENAME) values ('30','Can change comuna','8','change_comuna');
Insert into SE_VENDEN_PLANTAS.AUTH_PERMISSION (ID,NAME,CONTENT_TYPE_ID,CODENAME) values ('31','Can delete comuna','8','delete_comuna');
Insert into SE_VENDEN_PLANTAS.AUTH_PERMISSION (ID,NAME,CONTENT_TYPE_ID,CODENAME) values ('32','Can view comuna','8','view_comuna');
Insert into SE_VENDEN_PLANTAS.AUTH_PERMISSION (ID,NAME,CONTENT_TYPE_ID,CODENAME) values ('33','Can add direccion','9','add_direccion');
Insert into SE_VENDEN_PLANTAS.AUTH_PERMISSION (ID,NAME,CONTENT_TYPE_ID,CODENAME) values ('34','Can change direccion','9','change_direccion');
Insert into SE_VENDEN_PLANTAS.AUTH_PERMISSION (ID,NAME,CONTENT_TYPE_ID,CODENAME) values ('35','Can delete direccion','9','delete_direccion');
Insert into SE_VENDEN_PLANTAS.AUTH_PERMISSION (ID,NAME,CONTENT_TYPE_ID,CODENAME) values ('36','Can view direccion','9','view_direccion');
Insert into SE_VENDEN_PLANTAS.AUTH_PERMISSION (ID,NAME,CONTENT_TYPE_ID,CODENAME) values ('37','Can add pregunta','10','add_pregunta');
Insert into SE_VENDEN_PLANTAS.AUTH_PERMISSION (ID,NAME,CONTENT_TYPE_ID,CODENAME) values ('38','Can change pregunta','10','change_pregunta');
Insert into SE_VENDEN_PLANTAS.AUTH_PERMISSION (ID,NAME,CONTENT_TYPE_ID,CODENAME) values ('39','Can delete pregunta','10','delete_pregunta');
Insert into SE_VENDEN_PLANTAS.AUTH_PERMISSION (ID,NAME,CONTENT_TYPE_ID,CODENAME) values ('40','Can view pregunta','10','view_pregunta');
Insert into SE_VENDEN_PLANTAS.AUTH_PERMISSION (ID,NAME,CONTENT_TYPE_ID,CODENAME) values ('41','Can add region','11','add_region');
Insert into SE_VENDEN_PLANTAS.AUTH_PERMISSION (ID,NAME,CONTENT_TYPE_ID,CODENAME) values ('42','Can change region','11','change_region');
Insert into SE_VENDEN_PLANTAS.AUTH_PERMISSION (ID,NAME,CONTENT_TYPE_ID,CODENAME) values ('43','Can delete region','11','delete_region');
Insert into SE_VENDEN_PLANTAS.AUTH_PERMISSION (ID,NAME,CONTENT_TYPE_ID,CODENAME) values ('44','Can view region','11','view_region');
Insert into SE_VENDEN_PLANTAS.AUTH_PERMISSION (ID,NAME,CONTENT_TYPE_ID,CODENAME) values ('45','Can add rol','12','add_rol');
Insert into SE_VENDEN_PLANTAS.AUTH_PERMISSION (ID,NAME,CONTENT_TYPE_ID,CODENAME) values ('46','Can change rol','12','change_rol');
Insert into SE_VENDEN_PLANTAS.AUTH_PERMISSION (ID,NAME,CONTENT_TYPE_ID,CODENAME) values ('47','Can delete rol','12','delete_rol');
Insert into SE_VENDEN_PLANTAS.AUTH_PERMISSION (ID,NAME,CONTENT_TYPE_ID,CODENAME) values ('48','Can view rol','12','view_rol');
Insert into SE_VENDEN_PLANTAS.AUTH_PERMISSION (ID,NAME,CONTENT_TYPE_ID,CODENAME) values ('49','Can add usuario','13','add_usuario');
Insert into SE_VENDEN_PLANTAS.AUTH_PERMISSION (ID,NAME,CONTENT_TYPE_ID,CODENAME) values ('50','Can change usuario','13','change_usuario');
Insert into SE_VENDEN_PLANTAS.AUTH_PERMISSION (ID,NAME,CONTENT_TYPE_ID,CODENAME) values ('51','Can delete usuario','13','delete_usuario');
Insert into SE_VENDEN_PLANTAS.AUTH_PERMISSION (ID,NAME,CONTENT_TYPE_ID,CODENAME) values ('52','Can view usuario','13','view_usuario');
Insert into SE_VENDEN_PLANTAS.AUTH_PERMISSION (ID,NAME,CONTENT_TYPE_ID,CODENAME) values ('53','Can add producto','14','add_producto');
Insert into SE_VENDEN_PLANTAS.AUTH_PERMISSION (ID,NAME,CONTENT_TYPE_ID,CODENAME) values ('54','Can change producto','14','change_producto');
Insert into SE_VENDEN_PLANTAS.AUTH_PERMISSION (ID,NAME,CONTENT_TYPE_ID,CODENAME) values ('55','Can delete producto','14','delete_producto');
Insert into SE_VENDEN_PLANTAS.AUTH_PERMISSION (ID,NAME,CONTENT_TYPE_ID,CODENAME) values ('56','Can view producto','14','view_producto');
Insert into SE_VENDEN_PLANTAS.AUTH_PERMISSION (ID,NAME,CONTENT_TYPE_ID,CODENAME) values ('57','Can add factura','15','add_factura');
Insert into SE_VENDEN_PLANTAS.AUTH_PERMISSION (ID,NAME,CONTENT_TYPE_ID,CODENAME) values ('58','Can change factura','15','change_factura');
Insert into SE_VENDEN_PLANTAS.AUTH_PERMISSION (ID,NAME,CONTENT_TYPE_ID,CODENAME) values ('59','Can delete factura','15','delete_factura');
Insert into SE_VENDEN_PLANTAS.AUTH_PERMISSION (ID,NAME,CONTENT_TYPE_ID,CODENAME) values ('60','Can view factura','15','view_factura');
Insert into SE_VENDEN_PLANTAS.AUTH_PERMISSION (ID,NAME,CONTENT_TYPE_ID,CODENAME) values ('61','Can add detalle','16','add_detalle');
Insert into SE_VENDEN_PLANTAS.AUTH_PERMISSION (ID,NAME,CONTENT_TYPE_ID,CODENAME) values ('62','Can change detalle','16','change_detalle');
Insert into SE_VENDEN_PLANTAS.AUTH_PERMISSION (ID,NAME,CONTENT_TYPE_ID,CODENAME) values ('63','Can delete detalle','16','delete_detalle');
Insert into SE_VENDEN_PLANTAS.AUTH_PERMISSION (ID,NAME,CONTENT_TYPE_ID,CODENAME) values ('64','Can view detalle','16','view_detalle');
REM INSERTING into SE_VENDEN_PLANTAS.AUTH_USER
SET DEFINE OFF;
Insert into SE_VENDEN_PLANTAS.AUTH_USER (ID,PASSWORD,LAST_LOGIN,IS_SUPERUSER,USERNAME,FIRST_NAME,LAST_NAME,EMAIL,IS_STAFF,IS_ACTIVE,DATE_JOINED) values ('1','pbkdf2_sha256$600000$pIBq03PO8jDxTT2ElveCdr$/eMJ+jVKUafSYoTgcaRkhAcglPm8iJOk9JVQC/QeZ3g=',to_timestamp('18/06/23 02:19:38,422685000','DD/MM/RR HH24:MI:SSXFF'),'1','se_venden_plantas',null,null,'123@123.com','1','1',to_timestamp('16/06/23 19:26:47,372852000','DD/MM/RR HH24:MI:SSXFF'));
REM INSERTING into SE_VENDEN_PLANTAS.AUTH_USER_GROUPS
SET DEFINE OFF;
REM INSERTING into SE_VENDEN_PLANTAS.AUTH_USER_USER_PERMISSIONS
SET DEFINE OFF;
REM INSERTING into SE_VENDEN_PLANTAS.DJANGO_ADMIN_LOG
SET DEFINE OFF;
Insert into SE_VENDEN_PLANTAS.DJANGO_ADMIN_LOG (ID,ACTION_TIME,OBJECT_REPR,ACTION_FLAG,CONTENT_TYPE_ID,USER_ID) values ('103',to_timestamp('18/06/23 03:12:46,333247000','DD/MM/RR HH24:MI:SSXFF'),'¿Apodo de pequeño?','1','10','1');
Insert into SE_VENDEN_PLANTAS.DJANGO_ADMIN_LOG (ID,ACTION_TIME,OBJECT_REPR,ACTION_FLAG,CONTENT_TYPE_ID,USER_ID) values ('104',to_timestamp('18/06/23 03:12:59,036351000','DD/MM/RR HH24:MI:SSXFF'),'¿Comida favorita?','1','10','1');
Insert into SE_VENDEN_PLANTAS.DJANGO_ADMIN_LOG (ID,ACTION_TIME,OBJECT_REPR,ACTION_FLAG,CONTENT_TYPE_ID,USER_ID) values ('105',to_timestamp('18/06/23 03:13:12,009925000','DD/MM/RR HH24:MI:SSXFF'),'¿Pizza con piña o sin piña?','1','10','1');
Insert into SE_VENDEN_PLANTAS.DJANGO_ADMIN_LOG (ID,ACTION_TIME,OBJECT_REPR,ACTION_FLAG,CONTENT_TYPE_ID,USER_ID) values ('106',to_timestamp('18/06/23 03:13:28,021084000','DD/MM/RR HH24:MI:SSXFF'),'¿eres vegetariano?','1','10','1');
Insert into SE_VENDEN_PLANTAS.DJANGO_ADMIN_LOG (ID,ACTION_TIME,OBJECT_REPR,ACTION_FLAG,CONTENT_TYPE_ID,USER_ID) values ('107',to_timestamp('18/06/23 03:13:43,874147000','DD/MM/RR HH24:MI:SSXFF'),'¿primero la leche o el cereal?','1','10','1');
Insert into SE_VENDEN_PLANTAS.DJANGO_ADMIN_LOG (ID,ACTION_TIME,OBJECT_REPR,ACTION_FLAG,CONTENT_TYPE_ID,USER_ID) values ('1',to_timestamp('18/06/23 02:19:58,439049000','DD/MM/RR HH24:MI:SSXFF'),'Flores','1','7','1');
Insert into SE_VENDEN_PLANTAS.DJANGO_ADMIN_LOG (ID,ACTION_TIME,OBJECT_REPR,ACTION_FLAG,CONTENT_TYPE_ID,USER_ID) values ('2',to_timestamp('18/06/23 02:20:23,954440000','DD/MM/RR HH24:MI:SSXFF'),'pesticidas','1','7','1');
Insert into SE_VENDEN_PLANTAS.DJANGO_ADMIN_LOG (ID,ACTION_TIME,OBJECT_REPR,ACTION_FLAG,CONTENT_TYPE_ID,USER_ID) values ('3',to_timestamp('18/06/23 02:20:32,247401000','DD/MM/RR HH24:MI:SSXFF'),'cactus','1','7','1');
Insert into SE_VENDEN_PLANTAS.DJANGO_ADMIN_LOG (ID,ACTION_TIME,OBJECT_REPR,ACTION_FLAG,CONTENT_TYPE_ID,USER_ID) values ('4',to_timestamp('18/06/23 02:22:16,105358000','DD/MM/RR HH24:MI:SSXFF'),'Maceteros','1','7','1');
Insert into SE_VENDEN_PLANTAS.DJANGO_ADMIN_LOG (ID,ACTION_TIME,OBJECT_REPR,ACTION_FLAG,CONTENT_TYPE_ID,USER_ID) values ('5',to_timestamp('18/06/23 02:22:22,718170000','DD/MM/RR HH24:MI:SSXFF'),'Cactus','2','7','1');
Insert into SE_VENDEN_PLANTAS.DJANGO_ADMIN_LOG (ID,ACTION_TIME,OBJECT_REPR,ACTION_FLAG,CONTENT_TYPE_ID,USER_ID) values ('6',to_timestamp('18/06/23 02:22:27,901000000','DD/MM/RR HH24:MI:SSXFF'),'Pesticidas','2','7','1');
Insert into SE_VENDEN_PLANTAS.DJANGO_ADMIN_LOG (ID,ACTION_TIME,OBJECT_REPR,ACTION_FLAG,CONTENT_TYPE_ID,USER_ID) values ('8',to_timestamp('18/06/23 02:27:38,405539000','DD/MM/RR HH24:MI:SSXFF'),'Arica','1','11','1');
Insert into SE_VENDEN_PLANTAS.DJANGO_ADMIN_LOG (ID,ACTION_TIME,OBJECT_REPR,ACTION_FLAG,CONTENT_TYPE_ID,USER_ID) values ('9',to_timestamp('18/06/23 02:27:44,988585000','DD/MM/RR HH24:MI:SSXFF'),'Iquique','1','11','1');
Insert into SE_VENDEN_PLANTAS.DJANGO_ADMIN_LOG (ID,ACTION_TIME,OBJECT_REPR,ACTION_FLAG,CONTENT_TYPE_ID,USER_ID) values ('10',to_timestamp('18/06/23 02:27:53,739496000','DD/MM/RR HH24:MI:SSXFF'),'Antofagasta','1','11','1');
Insert into SE_VENDEN_PLANTAS.DJANGO_ADMIN_LOG (ID,ACTION_TIME,OBJECT_REPR,ACTION_FLAG,CONTENT_TYPE_ID,USER_ID) values ('11',to_timestamp('18/06/23 02:28:02,544437000','DD/MM/RR HH24:MI:SSXFF'),'Copiapó','1','11','1');
Insert into SE_VENDEN_PLANTAS.DJANGO_ADMIN_LOG (ID,ACTION_TIME,OBJECT_REPR,ACTION_FLAG,CONTENT_TYPE_ID,USER_ID) values ('12',to_timestamp('18/06/23 02:28:08,972890000','DD/MM/RR HH24:MI:SSXFF'),'La Serena','1','11','1');
Insert into SE_VENDEN_PLANTAS.DJANGO_ADMIN_LOG (ID,ACTION_TIME,OBJECT_REPR,ACTION_FLAG,CONTENT_TYPE_ID,USER_ID) values ('13',to_timestamp('18/06/23 02:28:17,584542000','DD/MM/RR HH24:MI:SSXFF'),'Valparaíso','1','11','1');
Insert into SE_VENDEN_PLANTAS.DJANGO_ADMIN_LOG (ID,ACTION_TIME,OBJECT_REPR,ACTION_FLAG,CONTENT_TYPE_ID,USER_ID) values ('14',to_timestamp('18/06/23 02:28:24,691641000','DD/MM/RR HH24:MI:SSXFF'),'Santiago','1','11','1');
Insert into SE_VENDEN_PLANTAS.DJANGO_ADMIN_LOG (ID,ACTION_TIME,OBJECT_REPR,ACTION_FLAG,CONTENT_TYPE_ID,USER_ID) values ('15',to_timestamp('18/06/23 02:28:32,193743000','DD/MM/RR HH24:MI:SSXFF'),'Rancagua','1','11','1');
Insert into SE_VENDEN_PLANTAS.DJANGO_ADMIN_LOG (ID,ACTION_TIME,OBJECT_REPR,ACTION_FLAG,CONTENT_TYPE_ID,USER_ID) values ('16',to_timestamp('18/06/23 02:28:37,761990000','DD/MM/RR HH24:MI:SSXFF'),'Talca','1','11','1');
Insert into SE_VENDEN_PLANTAS.DJANGO_ADMIN_LOG (ID,ACTION_TIME,OBJECT_REPR,ACTION_FLAG,CONTENT_TYPE_ID,USER_ID) values ('17',to_timestamp('18/06/23 02:28:42,809535000','DD/MM/RR HH24:MI:SSXFF'),'Chillán','1','11','1');
Insert into SE_VENDEN_PLANTAS.DJANGO_ADMIN_LOG (ID,ACTION_TIME,OBJECT_REPR,ACTION_FLAG,CONTENT_TYPE_ID,USER_ID) values ('18',to_timestamp('18/06/23 02:28:51,417011000','DD/MM/RR HH24:MI:SSXFF'),'Concepción','1','11','1');
Insert into SE_VENDEN_PLANTAS.DJANGO_ADMIN_LOG (ID,ACTION_TIME,OBJECT_REPR,ACTION_FLAG,CONTENT_TYPE_ID,USER_ID) values ('19',to_timestamp('18/06/23 02:28:57,626412000','DD/MM/RR HH24:MI:SSXFF'),'Temuco','1','11','1');
Insert into SE_VENDEN_PLANTAS.DJANGO_ADMIN_LOG (ID,ACTION_TIME,OBJECT_REPR,ACTION_FLAG,CONTENT_TYPE_ID,USER_ID) values ('20',to_timestamp('18/06/23 02:29:02,293330000','DD/MM/RR HH24:MI:SSXFF'),'Valdivia','1','11','1');
Insert into SE_VENDEN_PLANTAS.DJANGO_ADMIN_LOG (ID,ACTION_TIME,OBJECT_REPR,ACTION_FLAG,CONTENT_TYPE_ID,USER_ID) values ('21',to_timestamp('18/06/23 02:29:08,507907000','DD/MM/RR HH24:MI:SSXFF'),'Puerto Montt','1','11','1');
Insert into SE_VENDEN_PLANTAS.DJANGO_ADMIN_LOG (ID,ACTION_TIME,OBJECT_REPR,ACTION_FLAG,CONTENT_TYPE_ID,USER_ID) values ('22',to_timestamp('18/06/23 02:29:15,094583000','DD/MM/RR HH24:MI:SSXFF'),'Coyhaique','1','11','1');
Insert into SE_VENDEN_PLANTAS.DJANGO_ADMIN_LOG (ID,ACTION_TIME,OBJECT_REPR,ACTION_FLAG,CONTENT_TYPE_ID,USER_ID) values ('23',to_timestamp('18/06/23 02:29:20,305189000','DD/MM/RR HH24:MI:SSXFF'),'Punta Arenas','1','11','1');
Insert into SE_VENDEN_PLANTAS.DJANGO_ADMIN_LOG (ID,ACTION_TIME,OBJECT_REPR,ACTION_FLAG,CONTENT_TYPE_ID,USER_ID) values ('24',to_timestamp('18/06/23 02:29:48,059684000','DD/MM/RR HH24:MI:SSXFF'),'General Lagos','1','8','1');
Insert into SE_VENDEN_PLANTAS.DJANGO_ADMIN_LOG (ID,ACTION_TIME,OBJECT_REPR,ACTION_FLAG,CONTENT_TYPE_ID,USER_ID) values ('25',to_timestamp('18/06/23 02:30:03,186450000','DD/MM/RR HH24:MI:SSXFF'),'Putre','1','8','1');
Insert into SE_VENDEN_PLANTAS.DJANGO_ADMIN_LOG (ID,ACTION_TIME,OBJECT_REPR,ACTION_FLAG,CONTENT_TYPE_ID,USER_ID) values ('26',to_timestamp('18/06/23 02:30:18,019542000','DD/MM/RR HH24:MI:SSXFF'),'Camarones','1','8','1');
Insert into SE_VENDEN_PLANTAS.DJANGO_ADMIN_LOG (ID,ACTION_TIME,OBJECT_REPR,ACTION_FLAG,CONTENT_TYPE_ID,USER_ID) values ('27',to_timestamp('18/06/23 02:30:28,698524000','DD/MM/RR HH24:MI:SSXFF'),'Arica','1','8','1');
Insert into SE_VENDEN_PLANTAS.DJANGO_ADMIN_LOG (ID,ACTION_TIME,OBJECT_REPR,ACTION_FLAG,CONTENT_TYPE_ID,USER_ID) values ('28',to_timestamp('18/06/23 02:30:49,294967000','DD/MM/RR HH24:MI:SSXFF'),'Alto Hospicio','1','8','1');
Insert into SE_VENDEN_PLANTAS.DJANGO_ADMIN_LOG (ID,ACTION_TIME,OBJECT_REPR,ACTION_FLAG,CONTENT_TYPE_ID,USER_ID) values ('29',to_timestamp('18/06/23 02:30:56,818435000','DD/MM/RR HH24:MI:SSXFF'),'Camiña','1','8','1');
Insert into SE_VENDEN_PLANTAS.DJANGO_ADMIN_LOG (ID,ACTION_TIME,OBJECT_REPR,ACTION_FLAG,CONTENT_TYPE_ID,USER_ID) values ('30',to_timestamp('18/06/23 02:31:05,330218000','DD/MM/RR HH24:MI:SSXFF'),'Colchane','1','8','1');
Insert into SE_VENDEN_PLANTAS.DJANGO_ADMIN_LOG (ID,ACTION_TIME,OBJECT_REPR,ACTION_FLAG,CONTENT_TYPE_ID,USER_ID) values ('32',to_timestamp('18/06/23 02:31:28,691041000','DD/MM/RR HH24:MI:SSXFF'),'Iquique','1','8','1');
Insert into SE_VENDEN_PLANTAS.DJANGO_ADMIN_LOG (ID,ACTION_TIME,OBJECT_REPR,ACTION_FLAG,CONTENT_TYPE_ID,USER_ID) values ('33',to_timestamp('18/06/23 02:31:36,730607000','DD/MM/RR HH24:MI:SSXFF'),'Pica','1','8','1');
Insert into SE_VENDEN_PLANTAS.DJANGO_ADMIN_LOG (ID,ACTION_TIME,OBJECT_REPR,ACTION_FLAG,CONTENT_TYPE_ID,USER_ID) values ('34',to_timestamp('18/06/23 02:31:46,083287000','DD/MM/RR HH24:MI:SSXFF'),'Pozo Almonte','1','8','1');
Insert into SE_VENDEN_PLANTAS.DJANGO_ADMIN_LOG (ID,ACTION_TIME,OBJECT_REPR,ACTION_FLAG,CONTENT_TYPE_ID,USER_ID) values ('35',to_timestamp('18/06/23 02:32:27,877996000','DD/MM/RR HH24:MI:SSXFF'),'Antofagasta','1','8','1');
Insert into SE_VENDEN_PLANTAS.DJANGO_ADMIN_LOG (ID,ACTION_TIME,OBJECT_REPR,ACTION_FLAG,CONTENT_TYPE_ID,USER_ID) values ('36',to_timestamp('18/06/23 02:32:41,452305000','DD/MM/RR HH24:MI:SSXFF'),'Calama','1','8','1');
Insert into SE_VENDEN_PLANTAS.DJANGO_ADMIN_LOG (ID,ACTION_TIME,OBJECT_REPR,ACTION_FLAG,CONTENT_TYPE_ID,USER_ID) values ('37',to_timestamp('18/06/23 02:32:48,442794000','DD/MM/RR HH24:MI:SSXFF'),'Tocopilla','1','8','1');
Insert into SE_VENDEN_PLANTAS.DJANGO_ADMIN_LOG (ID,ACTION_TIME,OBJECT_REPR,ACTION_FLAG,CONTENT_TYPE_ID,USER_ID) values ('38',to_timestamp('18/06/23 02:32:55,159432000','DD/MM/RR HH24:MI:SSXFF'),'Mejillones','1','8','1');
Insert into SE_VENDEN_PLANTAS.DJANGO_ADMIN_LOG (ID,ACTION_TIME,OBJECT_REPR,ACTION_FLAG,CONTENT_TYPE_ID,USER_ID) values ('39',to_timestamp('18/06/23 02:33:03,929351000','DD/MM/RR HH24:MI:SSXFF'),'María Elena','1','8','1');
Insert into SE_VENDEN_PLANTAS.DJANGO_ADMIN_LOG (ID,ACTION_TIME,OBJECT_REPR,ACTION_FLAG,CONTENT_TYPE_ID,USER_ID) values ('40',to_timestamp('18/06/23 02:33:10,706334000','DD/MM/RR HH24:MI:SSXFF'),'Taltal','1','8','1');
Insert into SE_VENDEN_PLANTAS.DJANGO_ADMIN_LOG (ID,ACTION_TIME,OBJECT_REPR,ACTION_FLAG,CONTENT_TYPE_ID,USER_ID) values ('41',to_timestamp('18/06/23 02:33:20,316389000','DD/MM/RR HH24:MI:SSXFF'),'Sierra Gorda','1','8','1');
Insert into SE_VENDEN_PLANTAS.DJANGO_ADMIN_LOG (ID,ACTION_TIME,OBJECT_REPR,ACTION_FLAG,CONTENT_TYPE_ID,USER_ID) values ('42',to_timestamp('18/06/23 02:33:29,353155000','DD/MM/RR HH24:MI:SSXFF'),'San Pedro de Atacama','1','8','1');
Insert into SE_VENDEN_PLANTAS.DJANGO_ADMIN_LOG (ID,ACTION_TIME,OBJECT_REPR,ACTION_FLAG,CONTENT_TYPE_ID,USER_ID) values ('43',to_timestamp('18/06/23 02:33:38,817718000','DD/MM/RR HH24:MI:SSXFF'),'Ollagüe','1','8','1');
Insert into SE_VENDEN_PLANTAS.DJANGO_ADMIN_LOG (ID,ACTION_TIME,OBJECT_REPR,ACTION_FLAG,CONTENT_TYPE_ID,USER_ID) values ('44',to_timestamp('18/06/23 02:36:46,901694000','DD/MM/RR HH24:MI:SSXFF'),'Ollagüe','3','8','1');
Insert into SE_VENDEN_PLANTAS.DJANGO_ADMIN_LOG (ID,ACTION_TIME,OBJECT_REPR,ACTION_FLAG,CONTENT_TYPE_ID,USER_ID) values ('45',to_timestamp('18/06/23 02:36:46,906681000','DD/MM/RR HH24:MI:SSXFF'),'San Pedro de Atacama','3','8','1');
Insert into SE_VENDEN_PLANTAS.DJANGO_ADMIN_LOG (ID,ACTION_TIME,OBJECT_REPR,ACTION_FLAG,CONTENT_TYPE_ID,USER_ID) values ('46',to_timestamp('18/06/23 02:36:46,908694000','DD/MM/RR HH24:MI:SSXFF'),'Sierra Gorda','3','8','1');
Insert into SE_VENDEN_PLANTAS.DJANGO_ADMIN_LOG (ID,ACTION_TIME,OBJECT_REPR,ACTION_FLAG,CONTENT_TYPE_ID,USER_ID) values ('47',to_timestamp('18/06/23 02:36:46,910699000','DD/MM/RR HH24:MI:SSXFF'),'Taltal','3','8','1');
Insert into SE_VENDEN_PLANTAS.DJANGO_ADMIN_LOG (ID,ACTION_TIME,OBJECT_REPR,ACTION_FLAG,CONTENT_TYPE_ID,USER_ID) values ('48',to_timestamp('18/06/23 02:36:46,912928000','DD/MM/RR HH24:MI:SSXFF'),'María Elena','3','8','1');
Insert into SE_VENDEN_PLANTAS.DJANGO_ADMIN_LOG (ID,ACTION_TIME,OBJECT_REPR,ACTION_FLAG,CONTENT_TYPE_ID,USER_ID) values ('49',to_timestamp('18/06/23 02:36:46,913943000','DD/MM/RR HH24:MI:SSXFF'),'Mejillones','3','8','1');
Insert into SE_VENDEN_PLANTAS.DJANGO_ADMIN_LOG (ID,ACTION_TIME,OBJECT_REPR,ACTION_FLAG,CONTENT_TYPE_ID,USER_ID) values ('50',to_timestamp('18/06/23 02:36:46,915941000','DD/MM/RR HH24:MI:SSXFF'),'Tocopilla','3','8','1');
Insert into SE_VENDEN_PLANTAS.DJANGO_ADMIN_LOG (ID,ACTION_TIME,OBJECT_REPR,ACTION_FLAG,CONTENT_TYPE_ID,USER_ID) values ('51',to_timestamp('18/06/23 02:36:46,917942000','DD/MM/RR HH24:MI:SSXFF'),'Calama','3','8','1');
Insert into SE_VENDEN_PLANTAS.DJANGO_ADMIN_LOG (ID,ACTION_TIME,OBJECT_REPR,ACTION_FLAG,CONTENT_TYPE_ID,USER_ID) values ('52',to_timestamp('18/06/23 02:36:46,918941000','DD/MM/RR HH24:MI:SSXFF'),'Antofagasta','3','8','1');
Insert into SE_VENDEN_PLANTAS.DJANGO_ADMIN_LOG (ID,ACTION_TIME,OBJECT_REPR,ACTION_FLAG,CONTENT_TYPE_ID,USER_ID) values ('53',to_timestamp('18/06/23 02:36:46,919941000','DD/MM/RR HH24:MI:SSXFF'),'Pozo Almonte','3','8','1');
Insert into SE_VENDEN_PLANTAS.DJANGO_ADMIN_LOG (ID,ACTION_TIME,OBJECT_REPR,ACTION_FLAG,CONTENT_TYPE_ID,USER_ID) values ('54',to_timestamp('18/06/23 02:36:46,922942000','DD/MM/RR HH24:MI:SSXFF'),'Pica','3','8','1');
Insert into SE_VENDEN_PLANTAS.DJANGO_ADMIN_LOG (ID,ACTION_TIME,OBJECT_REPR,ACTION_FLAG,CONTENT_TYPE_ID,USER_ID) values ('55',to_timestamp('18/06/23 02:36:46,924941000','DD/MM/RR HH24:MI:SSXFF'),'Iquique','3','8','1');
Insert into SE_VENDEN_PLANTAS.DJANGO_ADMIN_LOG (ID,ACTION_TIME,OBJECT_REPR,ACTION_FLAG,CONTENT_TYPE_ID,USER_ID) values ('56',to_timestamp('18/06/23 02:36:46,926942000','DD/MM/RR HH24:MI:SSXFF'),'Huara','3','8','1');
Insert into SE_VENDEN_PLANTAS.DJANGO_ADMIN_LOG (ID,ACTION_TIME,OBJECT_REPR,ACTION_FLAG,CONTENT_TYPE_ID,USER_ID) values ('57',to_timestamp('18/06/23 02:36:46,927943000','DD/MM/RR HH24:MI:SSXFF'),'Colchane','3','8','1');
Insert into SE_VENDEN_PLANTAS.DJANGO_ADMIN_LOG (ID,ACTION_TIME,OBJECT_REPR,ACTION_FLAG,CONTENT_TYPE_ID,USER_ID) values ('58',to_timestamp('18/06/23 02:36:46,929942000','DD/MM/RR HH24:MI:SSXFF'),'Camiña','3','8','1');
Insert into SE_VENDEN_PLANTAS.DJANGO_ADMIN_LOG (ID,ACTION_TIME,OBJECT_REPR,ACTION_FLAG,CONTENT_TYPE_ID,USER_ID) values ('31',to_timestamp('18/06/23 02:31:16,350656000','DD/MM/RR HH24:MI:SSXFF'),'Huara','1','8','1');
Insert into SE_VENDEN_PLANTAS.DJANGO_ADMIN_LOG (ID,ACTION_TIME,OBJECT_REPR,ACTION_FLAG,CONTENT_TYPE_ID,USER_ID) values ('59',to_timestamp('18/06/23 02:36:46,930941000','DD/MM/RR HH24:MI:SSXFF'),'Alto Hospicio','3','8','1');
Insert into SE_VENDEN_PLANTAS.DJANGO_ADMIN_LOG (ID,ACTION_TIME,OBJECT_REPR,ACTION_FLAG,CONTENT_TYPE_ID,USER_ID) values ('60',to_timestamp('18/06/23 02:36:46,936942000','DD/MM/RR HH24:MI:SSXFF'),'Arica','3','8','1');
Insert into SE_VENDEN_PLANTAS.DJANGO_ADMIN_LOG (ID,ACTION_TIME,OBJECT_REPR,ACTION_FLAG,CONTENT_TYPE_ID,USER_ID) values ('61',to_timestamp('18/06/23 02:36:46,937941000','DD/MM/RR HH24:MI:SSXFF'),'Camarones','3','8','1');
Insert into SE_VENDEN_PLANTAS.DJANGO_ADMIN_LOG (ID,ACTION_TIME,OBJECT_REPR,ACTION_FLAG,CONTENT_TYPE_ID,USER_ID) values ('62',to_timestamp('18/06/23 02:36:46,940942000','DD/MM/RR HH24:MI:SSXFF'),'Putre','3','8','1');
Insert into SE_VENDEN_PLANTAS.DJANGO_ADMIN_LOG (ID,ACTION_TIME,OBJECT_REPR,ACTION_FLAG,CONTENT_TYPE_ID,USER_ID) values ('63',to_timestamp('18/06/23 02:36:46,942941000','DD/MM/RR HH24:MI:SSXFF'),'General Lagos','3','8','1');
Insert into SE_VENDEN_PLANTAS.DJANGO_ADMIN_LOG (ID,ACTION_TIME,OBJECT_REPR,ACTION_FLAG,CONTENT_TYPE_ID,USER_ID) values ('64',to_timestamp('18/06/23 02:36:53,921409000','DD/MM/RR HH24:MI:SSXFF'),'Punta Arenas','3','11','1');
Insert into SE_VENDEN_PLANTAS.DJANGO_ADMIN_LOG (ID,ACTION_TIME,OBJECT_REPR,ACTION_FLAG,CONTENT_TYPE_ID,USER_ID) values ('65',to_timestamp('18/06/23 02:36:53,924339000','DD/MM/RR HH24:MI:SSXFF'),'Coyhaique','3','11','1');
Insert into SE_VENDEN_PLANTAS.DJANGO_ADMIN_LOG (ID,ACTION_TIME,OBJECT_REPR,ACTION_FLAG,CONTENT_TYPE_ID,USER_ID) values ('66',to_timestamp('18/06/23 02:36:53,925355000','DD/MM/RR HH24:MI:SSXFF'),'Puerto Montt','3','11','1');
Insert into SE_VENDEN_PLANTAS.DJANGO_ADMIN_LOG (ID,ACTION_TIME,OBJECT_REPR,ACTION_FLAG,CONTENT_TYPE_ID,USER_ID) values ('67',to_timestamp('18/06/23 02:36:53,927338000','DD/MM/RR HH24:MI:SSXFF'),'Valdivia','3','11','1');
Insert into SE_VENDEN_PLANTAS.DJANGO_ADMIN_LOG (ID,ACTION_TIME,OBJECT_REPR,ACTION_FLAG,CONTENT_TYPE_ID,USER_ID) values ('68',to_timestamp('18/06/23 02:36:53,928339000','DD/MM/RR HH24:MI:SSXFF'),'Temuco','3','11','1');
Insert into SE_VENDEN_PLANTAS.DJANGO_ADMIN_LOG (ID,ACTION_TIME,OBJECT_REPR,ACTION_FLAG,CONTENT_TYPE_ID,USER_ID) values ('69',to_timestamp('18/06/23 02:36:53,930337000','DD/MM/RR HH24:MI:SSXFF'),'Concepción','3','11','1');
Insert into SE_VENDEN_PLANTAS.DJANGO_ADMIN_LOG (ID,ACTION_TIME,OBJECT_REPR,ACTION_FLAG,CONTENT_TYPE_ID,USER_ID) values ('70',to_timestamp('18/06/23 02:36:53,931336000','DD/MM/RR HH24:MI:SSXFF'),'Chillán','3','11','1');
Insert into SE_VENDEN_PLANTAS.DJANGO_ADMIN_LOG (ID,ACTION_TIME,OBJECT_REPR,ACTION_FLAG,CONTENT_TYPE_ID,USER_ID) values ('71',to_timestamp('18/06/23 02:36:53,932337000','DD/MM/RR HH24:MI:SSXFF'),'Talca','3','11','1');
Insert into SE_VENDEN_PLANTAS.DJANGO_ADMIN_LOG (ID,ACTION_TIME,OBJECT_REPR,ACTION_FLAG,CONTENT_TYPE_ID,USER_ID) values ('72',to_timestamp('18/06/23 02:36:53,933337000','DD/MM/RR HH24:MI:SSXFF'),'Rancagua','3','11','1');
Insert into SE_VENDEN_PLANTAS.DJANGO_ADMIN_LOG (ID,ACTION_TIME,OBJECT_REPR,ACTION_FLAG,CONTENT_TYPE_ID,USER_ID) values ('73',to_timestamp('18/06/23 02:36:53,934348000','DD/MM/RR HH24:MI:SSXFF'),'Santiago','3','11','1');
Insert into SE_VENDEN_PLANTAS.DJANGO_ADMIN_LOG (ID,ACTION_TIME,OBJECT_REPR,ACTION_FLAG,CONTENT_TYPE_ID,USER_ID) values ('74',to_timestamp('18/06/23 02:36:53,936337000','DD/MM/RR HH24:MI:SSXFF'),'Valparaíso','3','11','1');
Insert into SE_VENDEN_PLANTAS.DJANGO_ADMIN_LOG (ID,ACTION_TIME,OBJECT_REPR,ACTION_FLAG,CONTENT_TYPE_ID,USER_ID) values ('75',to_timestamp('18/06/23 02:36:53,937338000','DD/MM/RR HH24:MI:SSXFF'),'La Serena','3','11','1');
Insert into SE_VENDEN_PLANTAS.DJANGO_ADMIN_LOG (ID,ACTION_TIME,OBJECT_REPR,ACTION_FLAG,CONTENT_TYPE_ID,USER_ID) values ('76',to_timestamp('18/06/23 02:36:53,938337000','DD/MM/RR HH24:MI:SSXFF'),'Copiapó','3','11','1');
Insert into SE_VENDEN_PLANTAS.DJANGO_ADMIN_LOG (ID,ACTION_TIME,OBJECT_REPR,ACTION_FLAG,CONTENT_TYPE_ID,USER_ID) values ('77',to_timestamp('18/06/23 02:36:53,941335000','DD/MM/RR HH24:MI:SSXFF'),'Antofagasta','3','11','1');
Insert into SE_VENDEN_PLANTAS.DJANGO_ADMIN_LOG (ID,ACTION_TIME,OBJECT_REPR,ACTION_FLAG,CONTENT_TYPE_ID,USER_ID) values ('78',to_timestamp('18/06/23 02:36:53,944177000','DD/MM/RR HH24:MI:SSXFF'),'Iquique','3','11','1');
Insert into SE_VENDEN_PLANTAS.DJANGO_ADMIN_LOG (ID,ACTION_TIME,OBJECT_REPR,ACTION_FLAG,CONTENT_TYPE_ID,USER_ID) values ('79',to_timestamp('18/06/23 02:36:53,946115000','DD/MM/RR HH24:MI:SSXFF'),'Arica','3','11','1');
Insert into SE_VENDEN_PLANTAS.DJANGO_ADMIN_LOG (ID,ACTION_TIME,OBJECT_REPR,ACTION_FLAG,CONTENT_TYPE_ID,USER_ID) values ('80',to_timestamp('18/06/23 02:39:16,479532000','DD/MM/RR HH24:MI:SSXFF'),'gazanias','1','14','1');
Insert into SE_VENDEN_PLANTAS.DJANGO_ADMIN_LOG (ID,ACTION_TIME,OBJECT_REPR,ACTION_FLAG,CONTENT_TYPE_ID,USER_ID) values ('81',to_timestamp('18/06/23 02:42:24,235999000','DD/MM/RR HH24:MI:SSXFF'),'Azaleas','1','14','1');
Insert into SE_VENDEN_PLANTAS.DJANGO_ADMIN_LOG (ID,ACTION_TIME,OBJECT_REPR,ACTION_FLAG,CONTENT_TYPE_ID,USER_ID) values ('82',to_timestamp('18/06/23 02:42:44,980227000','DD/MM/RR HH24:MI:SSXFF'),'Azaleas','2','14','1');
Insert into SE_VENDEN_PLANTAS.DJANGO_ADMIN_LOG (ID,ACTION_TIME,OBJECT_REPR,ACTION_FLAG,CONTENT_TYPE_ID,USER_ID) values ('83',to_timestamp('18/06/23 02:43:00,058752000','DD/MM/RR HH24:MI:SSXFF'),'Azaleas','2','14','1');
Insert into SE_VENDEN_PLANTAS.DJANGO_ADMIN_LOG (ID,ACTION_TIME,OBJECT_REPR,ACTION_FLAG,CONTENT_TYPE_ID,USER_ID) values ('84',to_timestamp('18/06/23 02:43:21,806965000','DD/MM/RR HH24:MI:SSXFF'),'Gazania','2','14','1');
Insert into SE_VENDEN_PLANTAS.DJANGO_ADMIN_LOG (ID,ACTION_TIME,OBJECT_REPR,ACTION_FLAG,CONTENT_TYPE_ID,USER_ID) values ('85',to_timestamp('18/06/23 02:43:51,204158000','DD/MM/RR HH24:MI:SSXFF'),'Crisantemo amarillo','1','14','1');
Insert into SE_VENDEN_PLANTAS.DJANGO_ADMIN_LOG (ID,ACTION_TIME,OBJECT_REPR,ACTION_FLAG,CONTENT_TYPE_ID,USER_ID) values ('86',to_timestamp('18/06/23 02:44:21,252899000','DD/MM/RR HH24:MI:SSXFF'),'Rosas naranjas','1','14','1');
Insert into SE_VENDEN_PLANTAS.DJANGO_ADMIN_LOG (ID,ACTION_TIME,OBJECT_REPR,ACTION_FLAG,CONTENT_TYPE_ID,USER_ID) values ('87',to_timestamp('18/06/23 02:44:31,000859000','DD/MM/RR HH24:MI:SSXFF'),'Crisantemo amarillo','2','14','1');
Insert into SE_VENDEN_PLANTAS.DJANGO_ADMIN_LOG (ID,ACTION_TIME,OBJECT_REPR,ACTION_FLAG,CONTENT_TYPE_ID,USER_ID) values ('88',to_timestamp('18/06/23 02:44:59,633806000','DD/MM/RR HH24:MI:SSXFF'),'Tulipanes','1','14','1');
Insert into SE_VENDEN_PLANTAS.DJANGO_ADMIN_LOG (ID,ACTION_TIME,OBJECT_REPR,ACTION_FLAG,CONTENT_TYPE_ID,USER_ID) values ('89',to_timestamp('18/06/23 02:45:49,713847000','DD/MM/RR HH24:MI:SSXFF'),'Amarilis','1','14','1');
Insert into SE_VENDEN_PLANTAS.DJANGO_ADMIN_LOG (ID,ACTION_TIME,OBJECT_REPR,ACTION_FLAG,CONTENT_TYPE_ID,USER_ID) values ('90',to_timestamp('18/06/23 02:47:53,121444000','DD/MM/RR HH24:MI:SSXFF'),'Fertilizante','2','7','1');
Insert into SE_VENDEN_PLANTAS.DJANGO_ADMIN_LOG (ID,ACTION_TIME,OBJECT_REPR,ACTION_FLAG,CONTENT_TYPE_ID,USER_ID) values ('91',to_timestamp('18/06/23 02:54:15,510271000','DD/MM/RR HH24:MI:SSXFF'),'Arica','1','11','1');
Insert into SE_VENDEN_PLANTAS.DJANGO_ADMIN_LOG (ID,ACTION_TIME,OBJECT_REPR,ACTION_FLAG,CONTENT_TYPE_ID,USER_ID) values ('92',to_timestamp('18/06/23 02:54:33,518732000','DD/MM/RR HH24:MI:SSXFF'),'arica','1','8','1');
Insert into SE_VENDEN_PLANTAS.DJANGO_ADMIN_LOG (ID,ACTION_TIME,OBJECT_REPR,ACTION_FLAG,CONTENT_TYPE_ID,USER_ID) values ('93',to_timestamp('18/06/23 02:54:35,953057000','DD/MM/RR HH24:MI:SSXFF'),'arica','2','8','1');
Insert into SE_VENDEN_PLANTAS.DJANGO_ADMIN_LOG (ID,ACTION_TIME,OBJECT_REPR,ACTION_FLAG,CONTENT_TYPE_ID,USER_ID) values ('94',to_timestamp('18/06/23 03:02:37,497793000','DD/MM/RR HH24:MI:SSXFF'),'arica','2','8','1');
Insert into SE_VENDEN_PLANTAS.DJANGO_ADMIN_LOG (ID,ACTION_TIME,OBJECT_REPR,ACTION_FLAG,CONTENT_TYPE_ID,USER_ID) values ('95',to_timestamp('18/06/23 03:05:09,078441000','DD/MM/RR HH24:MI:SSXFF'),'arica','3','8','1');
Insert into SE_VENDEN_PLANTAS.DJANGO_ADMIN_LOG (ID,ACTION_TIME,OBJECT_REPR,ACTION_FLAG,CONTENT_TYPE_ID,USER_ID) values ('96',to_timestamp('18/06/23 03:05:16,713037000','DD/MM/RR HH24:MI:SSXFF'),'Arica','3','11','1');
Insert into SE_VENDEN_PLANTAS.DJANGO_ADMIN_LOG (ID,ACTION_TIME,OBJECT_REPR,ACTION_FLAG,CONTENT_TYPE_ID,USER_ID) values ('97',to_timestamp('18/06/23 03:06:01,844267000','DD/MM/RR HH24:MI:SSXFF'),'Gymnocalycium','1','14','1');
Insert into SE_VENDEN_PLANTAS.DJANGO_ADMIN_LOG (ID,ACTION_TIME,OBJECT_REPR,ACTION_FLAG,CONTENT_TYPE_ID,USER_ID) values ('98',to_timestamp('18/06/23 03:09:35,855450000','DD/MM/RR HH24:MI:SSXFF'),'Usuario','1','12','1');
Insert into SE_VENDEN_PLANTAS.DJANGO_ADMIN_LOG (ID,ACTION_TIME,OBJECT_REPR,ACTION_FLAG,CONTENT_TYPE_ID,USER_ID) values ('99',to_timestamp('18/06/23 03:09:44,496974000','DD/MM/RR HH24:MI:SSXFF'),'Administrador','1','12','1');
Insert into SE_VENDEN_PLANTAS.DJANGO_ADMIN_LOG (ID,ACTION_TIME,OBJECT_REPR,ACTION_FLAG,CONTENT_TYPE_ID,USER_ID) values ('100',to_timestamp('18/06/23 03:11:45,833087000','DD/MM/RR HH24:MI:SSXFF'),'¿Cual es tu comida favorita?','1','10','1');
Insert into SE_VENDEN_PLANTAS.DJANGO_ADMIN_LOG (ID,ACTION_TIME,OBJECT_REPR,ACTION_FLAG,CONTENT_TYPE_ID,USER_ID) values ('101',to_timestamp('18/06/23 03:12:14,360534000','DD/MM/RR HH24:MI:SSXFF'),'¿Nombre de tu mascota?','1','10','1');
Insert into SE_VENDEN_PLANTAS.DJANGO_ADMIN_LOG (ID,ACTION_TIME,OBJECT_REPR,ACTION_FLAG,CONTENT_TYPE_ID,USER_ID) values ('102',to_timestamp('18/06/23 03:12:31,185052000','DD/MM/RR HH24:MI:SSXFF'),'¿Ciudad que naciste?','1','10','1');
Insert into SE_VENDEN_PLANTAS.DJANGO_ADMIN_LOG (ID,ACTION_TIME,OBJECT_REPR,ACTION_FLAG,CONTENT_TYPE_ID,USER_ID) values ('108',to_timestamp('18/06/23 03:14:14,030656000','DD/MM/RR HH24:MI:SSXFF'),'¿Nombre de algun familiar?','1','10','1');
Insert into SE_VENDEN_PLANTAS.DJANGO_ADMIN_LOG (ID,ACTION_TIME,OBJECT_REPR,ACTION_FLAG,CONTENT_TYPE_ID,USER_ID) values ('109',to_timestamp('18/06/23 03:15:40,472340000','DD/MM/RR HH24:MI:SSXFF'),'Mammillaria bocasana','1','14','1');
Insert into SE_VENDEN_PLANTAS.DJANGO_ADMIN_LOG (ID,ACTION_TIME,OBJECT_REPR,ACTION_FLAG,CONTENT_TYPE_ID,USER_ID) values ('110',to_timestamp('18/06/23 03:16:24,346291000','DD/MM/RR HH24:MI:SSXFF'),'Opuntia microdasys','1','14','1');
Insert into SE_VENDEN_PLANTAS.DJANGO_ADMIN_LOG (ID,ACTION_TIME,OBJECT_REPR,ACTION_FLAG,CONTENT_TYPE_ID,USER_ID) values ('111',to_timestamp('18/06/23 03:17:07,960303000','DD/MM/RR HH24:MI:SSXFF'),'Haworthia fasciata','1','14','1');
Insert into SE_VENDEN_PLANTAS.DJANGO_ADMIN_LOG (ID,ACTION_TIME,OBJECT_REPR,ACTION_FLAG,CONTENT_TYPE_ID,USER_ID) values ('112',to_timestamp('18/06/23 03:17:38,963541000','DD/MM/RR HH24:MI:SSXFF'),'Cereus Peruvianus','1','14','1');
Insert into SE_VENDEN_PLANTAS.DJANGO_ADMIN_LOG (ID,ACTION_TIME,OBJECT_REPR,ACTION_FLAG,CONTENT_TYPE_ID,USER_ID) values ('113',to_timestamp('18/06/23 03:18:13,225767000','DD/MM/RR HH24:MI:SSXFF'),'Conophytum bilobum','1','14','1');
Insert into SE_VENDEN_PLANTAS.DJANGO_ADMIN_LOG (ID,ACTION_TIME,OBJECT_REPR,ACTION_FLAG,CONTENT_TYPE_ID,USER_ID) values ('114',to_timestamp('18/06/23 03:19:18,989559000','DD/MM/RR HH24:MI:SSXFF'),'Raid essentials','1','14','1');
Insert into SE_VENDEN_PLANTAS.DJANGO_ADMIN_LOG (ID,ACTION_TIME,OBJECT_REPR,ACTION_FLAG,CONTENT_TYPE_ID,USER_ID) values ('115',to_timestamp('18/06/23 03:19:51,392745000','DD/MM/RR HH24:MI:SSXFF'),'Clorox antihongos','1','14','1');
Insert into SE_VENDEN_PLANTAS.DJANGO_ADMIN_LOG (ID,ACTION_TIME,OBJECT_REPR,ACTION_FLAG,CONTENT_TYPE_ID,USER_ID) values ('116',to_timestamp('18/06/23 03:20:18,006873000','DD/MM/RR HH24:MI:SSXFF'),'Tanax insecticida po','1','14','1');
Insert into SE_VENDEN_PLANTAS.DJANGO_ADMIN_LOG (ID,ACTION_TIME,OBJECT_REPR,ACTION_FLAG,CONTENT_TYPE_ID,USER_ID) values ('117',to_timestamp('18/06/23 03:21:02,708630000','DD/MM/RR HH24:MI:SSXFF'),'Maceta de plastico','1','14','1');
Insert into SE_VENDEN_PLANTAS.DJANGO_ADMIN_LOG (ID,ACTION_TIME,OBJECT_REPR,ACTION_FLAG,CONTENT_TYPE_ID,USER_ID) values ('119',to_timestamp('18/06/23 03:30:42,285101000','DD/MM/RR HH24:MI:SSXFF'),'Maceta de greda','1','14','1');
Insert into SE_VENDEN_PLANTAS.DJANGO_ADMIN_LOG (ID,ACTION_TIME,OBJECT_REPR,ACTION_FLAG,CONTENT_TYPE_ID,USER_ID) values ('120',to_timestamp('18/06/23 03:31:23,889163000','DD/MM/RR HH24:MI:SSXFF'),'maceta alta_plastic','1','14','1');
Insert into SE_VENDEN_PLANTAS.DJANGO_ADMIN_LOG (ID,ACTION_TIME,OBJECT_REPR,ACTION_FLAG,CONTENT_TYPE_ID,USER_ID) values ('121',to_timestamp('18/06/23 03:31:58,501174000','DD/MM/RR HH24:MI:SSXFF'),'Maceta de ceramica','1','14','1');
Insert into SE_VENDEN_PLANTAS.DJANGO_ADMIN_LOG (ID,ACTION_TIME,OBJECT_REPR,ACTION_FLAG,CONTENT_TYPE_ID,USER_ID) values ('7',to_timestamp('18/06/23 02:22:39,015270000','DD/MM/RR HH24:MI:SSXFF'),'Fertilizante','1','7','1');
Insert into SE_VENDEN_PLANTAS.DJANGO_ADMIN_LOG (ID,ACTION_TIME,OBJECT_REPR,ACTION_FLAG,CONTENT_TYPE_ID,USER_ID) values ('118',to_timestamp('18/06/23 03:27:09,765651000','DD/MM/RR HH24:MI:SSXFF'),'maceta peque_plastic','1','14','1');
Insert into SE_VENDEN_PLANTAS.DJANGO_ADMIN_LOG (ID,ACTION_TIME,OBJECT_REPR,ACTION_FLAG,CONTENT_TYPE_ID,USER_ID) values ('122',to_timestamp('18/06/23 03:33:32,169524000','DD/MM/RR HH24:MI:SSXFF'),'Maceta de arcilla','1','14','1');
Insert into SE_VENDEN_PLANTAS.DJANGO_ADMIN_LOG (ID,ACTION_TIME,OBJECT_REPR,ACTION_FLAG,CONTENT_TYPE_ID,USER_ID) values ('123',to_timestamp('18/06/23 03:44:39,698149000','DD/MM/RR HH24:MI:SSXFF'),'Maceta alta_plastic','2','14','1');
Insert into SE_VENDEN_PLANTAS.DJANGO_ADMIN_LOG (ID,ACTION_TIME,OBJECT_REPR,ACTION_FLAG,CONTENT_TYPE_ID,USER_ID) values ('124',to_timestamp('18/06/23 03:44:48,056091000','DD/MM/RR HH24:MI:SSXFF'),'Maceta peque_plastic','2','14','1');
Insert into SE_VENDEN_PLANTAS.DJANGO_ADMIN_LOG (ID,ACTION_TIME,OBJECT_REPR,ACTION_FLAG,CONTENT_TYPE_ID,USER_ID) values ('125',to_timestamp('18/06/23 03:45:35,549193000','DD/MM/RR HH24:MI:SSXFF'),'fertilizante anasac','1','14','1');
Insert into SE_VENDEN_PLANTAS.DJANGO_ADMIN_LOG (ID,ACTION_TIME,OBJECT_REPR,ACTION_FLAG,CONTENT_TYPE_ID,USER_ID) values ('126',to_timestamp('18/06/23 03:46:26,879514000','DD/MM/RR HH24:MI:SSXFF'),'Gas Agricola','1','14','1');
Insert into SE_VENDEN_PLANTAS.DJANGO_ADMIN_LOG (ID,ACTION_TIME,OBJECT_REPR,ACTION_FLAG,CONTENT_TYPE_ID,USER_ID) values ('127',to_timestamp('18/06/23 03:47:19,049831000','DD/MM/RR HH24:MI:SSXFF'),'sustrat_plant_inter','1','14','1');
Insert into SE_VENDEN_PLANTAS.DJANGO_ADMIN_LOG (ID,ACTION_TIME,OBJECT_REPR,ACTION_FLAG,CONTENT_TYPE_ID,USER_ID) values ('128',to_timestamp('18/06/23 03:47:57,981917000','DD/MM/RR HH24:MI:SSXFF'),'Liquido Top Crop','1','14','1');
Insert into SE_VENDEN_PLANTAS.DJANGO_ADMIN_LOG (ID,ACTION_TIME,OBJECT_REPR,ACTION_FLAG,CONTENT_TYPE_ID,USER_ID) values ('129',to_timestamp('18/06/23 03:48:36,344376000','DD/MM/RR HH24:MI:SSXFF'),'biofert_plant_inter','1','14','1');
Insert into SE_VENDEN_PLANTAS.DJANGO_ADMIN_LOG (ID,ACTION_TIME,OBJECT_REPR,ACTION_FLAG,CONTENT_TYPE_ID,USER_ID) values ('130',to_timestamp('18/06/23 03:49:02,806357000','DD/MM/RR HH24:MI:SSXFF'),'fertilizante anasac','1','14','1');
REM INSERTING into SE_VENDEN_PLANTAS.DJANGO_CONTENT_TYPE
SET DEFINE OFF;
Insert into SE_VENDEN_PLANTAS.DJANGO_CONTENT_TYPE (ID,APP_LABEL,MODEL) values ('1','admin','logentry');
Insert into SE_VENDEN_PLANTAS.DJANGO_CONTENT_TYPE (ID,APP_LABEL,MODEL) values ('2','auth','permission');
Insert into SE_VENDEN_PLANTAS.DJANGO_CONTENT_TYPE (ID,APP_LABEL,MODEL) values ('3','auth','group');
Insert into SE_VENDEN_PLANTAS.DJANGO_CONTENT_TYPE (ID,APP_LABEL,MODEL) values ('4','auth','user');
Insert into SE_VENDEN_PLANTAS.DJANGO_CONTENT_TYPE (ID,APP_LABEL,MODEL) values ('5','contenttypes','contenttype');
Insert into SE_VENDEN_PLANTAS.DJANGO_CONTENT_TYPE (ID,APP_LABEL,MODEL) values ('6','sessions','session');
Insert into SE_VENDEN_PLANTAS.DJANGO_CONTENT_TYPE (ID,APP_LABEL,MODEL) values ('7','menu','categoria');
Insert into SE_VENDEN_PLANTAS.DJANGO_CONTENT_TYPE (ID,APP_LABEL,MODEL) values ('8','menu','comuna');
Insert into SE_VENDEN_PLANTAS.DJANGO_CONTENT_TYPE (ID,APP_LABEL,MODEL) values ('9','menu','direccion');
Insert into SE_VENDEN_PLANTAS.DJANGO_CONTENT_TYPE (ID,APP_LABEL,MODEL) values ('10','menu','pregunta');
Insert into SE_VENDEN_PLANTAS.DJANGO_CONTENT_TYPE (ID,APP_LABEL,MODEL) values ('11','menu','region');
Insert into SE_VENDEN_PLANTAS.DJANGO_CONTENT_TYPE (ID,APP_LABEL,MODEL) values ('12','menu','rol');
Insert into SE_VENDEN_PLANTAS.DJANGO_CONTENT_TYPE (ID,APP_LABEL,MODEL) values ('13','menu','usuario');
Insert into SE_VENDEN_PLANTAS.DJANGO_CONTENT_TYPE (ID,APP_LABEL,MODEL) values ('14','menu','producto');
Insert into SE_VENDEN_PLANTAS.DJANGO_CONTENT_TYPE (ID,APP_LABEL,MODEL) values ('15','menu','factura');
Insert into SE_VENDEN_PLANTAS.DJANGO_CONTENT_TYPE (ID,APP_LABEL,MODEL) values ('16','menu','detalle');
REM INSERTING into SE_VENDEN_PLANTAS.DJANGO_MIGRATIONS
SET DEFINE OFF;
Insert into SE_VENDEN_PLANTAS.DJANGO_MIGRATIONS (ID,APP,NAME,APPLIED) values ('41','menu','0004_alter_comuna_nombre_alter_region_nombre',to_timestamp('19/06/23 01:14:01,976017000','DD/MM/RR HH24:MI:SSXFF'));
Insert into SE_VENDEN_PLANTAS.DJANGO_MIGRATIONS (ID,APP,NAME,APPLIED) values ('21','menu','0002_alter_usuario_pregunta',to_timestamp('18/06/23 03:50:33,193012000','DD/MM/RR HH24:MI:SSXFF'));
Insert into SE_VENDEN_PLANTAS.DJANGO_MIGRATIONS (ID,APP,NAME,APPLIED) values ('22','menu','0003_alter_usuario_pregunta',to_timestamp('18/06/23 03:50:34,717348000','DD/MM/RR HH24:MI:SSXFF'));
Insert into SE_VENDEN_PLANTAS.DJANGO_MIGRATIONS (ID,APP,NAME,APPLIED) values ('1','contenttypes','0001_initial',to_timestamp('16/06/23 19:25:50,032514000','DD/MM/RR HH24:MI:SSXFF'));
Insert into SE_VENDEN_PLANTAS.DJANGO_MIGRATIONS (ID,APP,NAME,APPLIED) values ('2','auth','0001_initial',to_timestamp('16/06/23 19:25:51,142303000','DD/MM/RR HH24:MI:SSXFF'));
Insert into SE_VENDEN_PLANTAS.DJANGO_MIGRATIONS (ID,APP,NAME,APPLIED) values ('3','admin','0001_initial',to_timestamp('16/06/23 19:25:51,549052000','DD/MM/RR HH24:MI:SSXFF'));
Insert into SE_VENDEN_PLANTAS.DJANGO_MIGRATIONS (ID,APP,NAME,APPLIED) values ('4','admin','0002_logentry_remove_auto_add',to_timestamp('16/06/23 19:25:51,575079000','DD/MM/RR HH24:MI:SSXFF'));
Insert into SE_VENDEN_PLANTAS.DJANGO_MIGRATIONS (ID,APP,NAME,APPLIED) values ('5','admin','0003_logentry_add_action_flag_choices',to_timestamp('16/06/23 19:25:51,635609000','DD/MM/RR HH24:MI:SSXFF'));
Insert into SE_VENDEN_PLANTAS.DJANGO_MIGRATIONS (ID,APP,NAME,APPLIED) values ('6','contenttypes','0002_remove_content_type_name',to_timestamp('16/06/23 19:25:53,010685000','DD/MM/RR HH24:MI:SSXFF'));
Insert into SE_VENDEN_PLANTAS.DJANGO_MIGRATIONS (ID,APP,NAME,APPLIED) values ('7','auth','0002_alter_permission_name_max_length',to_timestamp('16/06/23 19:25:53,178213000','DD/MM/RR HH24:MI:SSXFF'));
Insert into SE_VENDEN_PLANTAS.DJANGO_MIGRATIONS (ID,APP,NAME,APPLIED) values ('8','auth','0003_alter_user_email_max_length',to_timestamp('16/06/23 19:25:53,402077000','DD/MM/RR HH24:MI:SSXFF'));
Insert into SE_VENDEN_PLANTAS.DJANGO_MIGRATIONS (ID,APP,NAME,APPLIED) values ('9','auth','0004_alter_user_username_opts',to_timestamp('16/06/23 19:25:53,449884000','DD/MM/RR HH24:MI:SSXFF'));
Insert into SE_VENDEN_PLANTAS.DJANGO_MIGRATIONS (ID,APP,NAME,APPLIED) values ('10','auth','0005_alter_user_last_login_null',to_timestamp('16/06/23 19:25:53,526607000','DD/MM/RR HH24:MI:SSXFF'));
Insert into SE_VENDEN_PLANTAS.DJANGO_MIGRATIONS (ID,APP,NAME,APPLIED) values ('11','auth','0006_require_contenttypes_0002',to_timestamp('16/06/23 19:25:53,546606000','DD/MM/RR HH24:MI:SSXFF'));
Insert into SE_VENDEN_PLANTAS.DJANGO_MIGRATIONS (ID,APP,NAME,APPLIED) values ('12','auth','0007_alter_validators_add_error_messages',to_timestamp('16/06/23 19:25:53,579610000','DD/MM/RR HH24:MI:SSXFF'));
Insert into SE_VENDEN_PLANTAS.DJANGO_MIGRATIONS (ID,APP,NAME,APPLIED) values ('13','auth','0008_alter_user_username_max_length',to_timestamp('16/06/23 19:25:53,615171000','DD/MM/RR HH24:MI:SSXFF'));
Insert into SE_VENDEN_PLANTAS.DJANGO_MIGRATIONS (ID,APP,NAME,APPLIED) values ('14','auth','0009_alter_user_last_name_max_length',to_timestamp('16/06/23 19:25:53,654167000','DD/MM/RR HH24:MI:SSXFF'));
Insert into SE_VENDEN_PLANTAS.DJANGO_MIGRATIONS (ID,APP,NAME,APPLIED) values ('15','auth','0010_alter_group_name_max_length',to_timestamp('16/06/23 19:25:53,694689000','DD/MM/RR HH24:MI:SSXFF'));
Insert into SE_VENDEN_PLANTAS.DJANGO_MIGRATIONS (ID,APP,NAME,APPLIED) values ('16','auth','0011_update_proxy_permissions',to_timestamp('16/06/23 19:25:53,719698000','DD/MM/RR HH24:MI:SSXFF'));
Insert into SE_VENDEN_PLANTAS.DJANGO_MIGRATIONS (ID,APP,NAME,APPLIED) values ('17','auth','0012_alter_user_first_name_max_length',to_timestamp('16/06/23 19:25:53,748691000','DD/MM/RR HH24:MI:SSXFF'));
Insert into SE_VENDEN_PLANTAS.DJANGO_MIGRATIONS (ID,APP,NAME,APPLIED) values ('18','menu','0001_initial',to_timestamp('16/06/23 19:25:54,082519000','DD/MM/RR HH24:MI:SSXFF'));
Insert into SE_VENDEN_PLANTAS.DJANGO_MIGRATIONS (ID,APP,NAME,APPLIED) values ('19','sessions','0001_initial',to_timestamp('16/06/23 19:25:54,123037000','DD/MM/RR HH24:MI:SSXFF'));
REM INSERTING into SE_VENDEN_PLANTAS.DJANGO_SESSION
SET DEFINE OFF;
Insert into SE_VENDEN_PLANTAS.DJANGO_SESSION (SESSION_KEY,EXPIRE_DATE) values ('lakms4rdp7uaoyorzyvupzd3yj3k3hry',to_timestamp('02/07/23 02:19:38,428695000','DD/MM/RR HH24:MI:SSXFF'));
REM INSERTING into SE_VENDEN_PLANTAS.MENU_CATEGORIA
SET DEFINE OFF;
Insert into SE_VENDEN_PLANTAS.MENU_CATEGORIA (ID_CATEGORIA,NOMBRE_CATEGORIA) values ('1','Flores');
Insert into SE_VENDEN_PLANTAS.MENU_CATEGORIA (ID_CATEGORIA,NOMBRE_CATEGORIA) values ('2','Pesticidas');
Insert into SE_VENDEN_PLANTAS.MENU_CATEGORIA (ID_CATEGORIA,NOMBRE_CATEGORIA) values ('3','Cactus');
Insert into SE_VENDEN_PLANTAS.MENU_CATEGORIA (ID_CATEGORIA,NOMBRE_CATEGORIA) values ('4','Maceteros');
Insert into SE_VENDEN_PLANTAS.MENU_CATEGORIA (ID_CATEGORIA,NOMBRE_CATEGORIA) values ('5','Fertilizante');
REM INSERTING into SE_VENDEN_PLANTAS.MENU_COMUNA
SET DEFINE OFF;
REM INSERTING into SE_VENDEN_PLANTAS.MENU_DETALLE
SET DEFINE OFF;
REM INSERTING into SE_VENDEN_PLANTAS.MENU_DIRECCION
SET DEFINE OFF;
REM INSERTING into SE_VENDEN_PLANTAS.MENU_FACTURA
SET DEFINE OFF;
REM INSERTING into SE_VENDEN_PLANTAS.MENU_PREGUNTA
SET DEFINE OFF;
Insert into SE_VENDEN_PLANTAS.MENU_PREGUNTA (ID_PREG,NOMBRE) values ('4','¿Apodo de pequeño?');
Insert into SE_VENDEN_PLANTAS.MENU_PREGUNTA (ID_PREG,NOMBRE) values ('5','¿Comida favorita?');
Insert into SE_VENDEN_PLANTAS.MENU_PREGUNTA (ID_PREG,NOMBRE) values ('6','¿Pizza con piña o sin piña?');
Insert into SE_VENDEN_PLANTAS.MENU_PREGUNTA (ID_PREG,NOMBRE) values ('7','¿eres vegetariano?');
Insert into SE_VENDEN_PLANTAS.MENU_PREGUNTA (ID_PREG,NOMBRE) values ('8','¿primero la leche o el cereal?');
Insert into SE_VENDEN_PLANTAS.MENU_PREGUNTA (ID_PREG,NOMBRE) values ('1','¿Cual es tu comida favorita?');
Insert into SE_VENDEN_PLANTAS.MENU_PREGUNTA (ID_PREG,NOMBRE) values ('2','¿Nombre de tu mascota?');
Insert into SE_VENDEN_PLANTAS.MENU_PREGUNTA (ID_PREG,NOMBRE) values ('3','¿Ciudad que naciste?');
Insert into SE_VENDEN_PLANTAS.MENU_PREGUNTA (ID_PREG,NOMBRE) values ('9','¿Nombre de algun familiar?');
REM INSERTING into SE_VENDEN_PLANTAS.MENU_PRODUCTO
SET DEFINE OFF;
Insert into SE_VENDEN_PLANTAS.MENU_PRODUCTO (ID_PROD,NOMBRE_PROD,DESCRIPCION,PRECIO,STOCK,IMAGEN,CATEGORIA_ID) values ('1','Gazania','La gazania es una planta de exterior ideal para principiantes, pues no requiere de muchos cuidados y está casi todo el año.','6000','40','productos/Flor1.jpg','1');
Insert into SE_VENDEN_PLANTAS.MENU_PRODUCTO (ID_PROD,NOMBRE_PROD,DESCRIPCION,PRECIO,STOCK,IMAGEN,CATEGORIA_ID) values ('2','Azaleas','Por lo general, las azaleas prefieren ambientes frescos, pero no carentes de luz natural. De esta manera, en el caso de tenerlas dentro de nuestras casas deberemos asegurarnos de tenerlas en una zona ventilada y alejada de la calefacción.','3990','40','productos/Flor2.jpg','1');
Insert into SE_VENDEN_PLANTAS.MENU_PRODUCTO (ID_PROD,NOMBRE_PROD,DESCRIPCION,PRECIO,STOCK,IMAGEN,CATEGORIA_ID) values ('3','Crisantemo amarillo','Mientras que algunas plantas necesitan buen tiempo, temperaturas elevadas y mucho sol, otras, como el Crisantemo, florecen con la llegada del otoño.','7000','40','productos/Flor3.jpg','1');
Insert into SE_VENDEN_PLANTAS.MENU_PRODUCTO (ID_PROD,NOMBRE_PROD,DESCRIPCION,PRECIO,STOCK,IMAGEN,CATEGORIA_ID) values ('4','Rosas naranjas','Rosas naranjas, la flor perfecta para transmitir alegría. Las connotaciones de las rosas naranjas van en la misma línea que el propio color. Con ellas podemos transmitir alegría, simpatía e, incluso, poner en valor la amabilidad de la persona que las va a recibir.','10000','40','productos/Flor4.jpg','1');
Insert into SE_VENDEN_PLANTAS.MENU_PRODUCTO (ID_PROD,NOMBRE_PROD,DESCRIPCION,PRECIO,STOCK,IMAGEN,CATEGORIA_ID) values ('5','Tulipanes','El tulipán es un símbolo de amor sincero. Es una flor increíblemente romántica que al regalarla expresas enamoramiento, pasión, amor incondicional, amor puro, etc.','6000','40','productos/Flor5.jpg','1');
Insert into SE_VENDEN_PLANTAS.MENU_PRODUCTO (ID_PROD,NOMBRE_PROD,DESCRIPCION,PRECIO,STOCK,IMAGEN,CATEGORIA_ID) values ('6','Amarilis','Las flores son simplemente lo más hermoso de esta planta, De hecho, esta planta brilla con una sola flor espectacular, cuyo tamaño difícilmente puede ser superado.','12000','40','productos/Flor6.jpg','1');
Insert into SE_VENDEN_PLANTAS.MENU_PRODUCTO (ID_PROD,NOMBRE_PROD,DESCRIPCION,PRECIO,STOCK,IMAGEN,CATEGORIA_ID) values ('7','Gymnocalycium','El Gymnocalycium, también conocido popularmente como cactus chin enano, es una especie de         planta familia de las Cactaceae de origen sudamericano.','4500','40','productos/cactus1.jpg','3');
Insert into SE_VENDEN_PLANTAS.MENU_PRODUCTO (ID_PROD,NOMBRE_PROD,DESCRIPCION,PRECIO,STOCK,IMAGEN,CATEGORIA_ID) values ('8','Mammillaria bocasana','La Mammillaria bocasana, es un cactus aglomerado, que a menudo forma grandes montículos.             Tiene una apariencia de bola de algodón, ya que la pequeña planta redonda, está cubierta de sedosos pelos             blancos.','5500','40','productos/cactus2.jpg','3');
Insert into SE_VENDEN_PLANTAS.MENU_PRODUCTO (ID_PROD,NOMBRE_PROD,DESCRIPCION,PRECIO,STOCK,IMAGEN,CATEGORIA_ID) values ('9','Opuntia microdasys','La Opuntia microdasys, también conocida como cactus oreja de conejo o alas de ángel, es en pequeño primo del más conocido cactus nopal. Aunque no es conocido por sus usos culinarios, es una planta de interior y exterior muy popular por su fácil cuidado y su bonito aspecto.','7990','40','productos/cactus3.jpg','3');
Insert into SE_VENDEN_PLANTAS.MENU_PRODUCTO (ID_PROD,NOMBRE_PROD,DESCRIPCION,PRECIO,STOCK,IMAGEN,CATEGORIA_ID) values ('10','Haworthia fasciata','Esta especie prefiere las arenas ácidas del tipo de vegetación fynbos, en la zona                         cercana a Port Elizabeth y Uitenhage, en el Cabo Oriental, Sudáfrica.','5990','40','productos/cactus4.jpg','3');
Insert into SE_VENDEN_PLANTAS.MENU_PRODUCTO (ID_PROD,NOMBRE_PROD,DESCRIPCION,PRECIO,STOCK,IMAGEN,CATEGORIA_ID) values ('11','Cereus Peruvianus','El Cereus peruvianus es nativo de afloramientos rocosos y de la sabana en América                         del Sur, probablemente nativa del Caribe occidental y Venezuela o Brasil.','7000','40','productos/cactus5_gVYJhrW.jpg','3');
Insert into SE_VENDEN_PLANTAS.MENU_PRODUCTO (ID_PROD,NOMBRE_PROD,DESCRIPCION,PRECIO,STOCK,IMAGEN,CATEGORIA_ID) values ('12','Conophytum bilobum','Este es un conophytum común y fácil de cultivar, que produce unas bellas flores amarillas generalmente. Es la más fácil de todos los conophytum para conseguir un buen crecimiento sin problemas. Es una planta multiforme, con muchas variantes morfológicas y hasta geográficas que las hace ser como plantas o especies independientes.','6990','40','productos/cactus6.jpg','3');
Insert into SE_VENDEN_PLANTAS.MENU_PRODUCTO (ID_PROD,NOMBRE_PROD,DESCRIPCION,PRECIO,STOCK,IMAGEN,CATEGORIA_ID) values ('13','Raid essentials','Mata Hormigas, Cucarachas, Pulgas, Arañas, Zancudos, Moscas, Mosquitos y Cienpiés sin perjudicar las plantas. Su efectiva fórmula de base acuosa mata moscas y mosquitos con un 80% menos de solventes químicos que los insecticidas tradicionales y sin causar daño a sus plantas.','3500','40','productos/pesticida1_chiquito.jpg','2');
Insert into SE_VENDEN_PLANTAS.MENU_PRODUCTO (ID_PROD,NOMBRE_PROD,DESCRIPCION,PRECIO,STOCK,IMAGEN,CATEGORIA_ID) values ('14','Clorox antihongos','Elimina con éxito las concentraciones de cloro y pesticidas gracias a su fina filtración','3500','40','productos/pesticida2.png','2');
Insert into SE_VENDEN_PLANTAS.MENU_PRODUCTO (ID_PROD,NOMBRE_PROD,DESCRIPCION,PRECIO,STOCK,IMAGEN,CATEGORIA_ID) values ('15','Tanax insecticida po','Tanax Insecticida Polvo, tiene una formula superactiva con acción inmediata y enérgica, matando al contacto insectos como: Hormigas, cucarachas, pulgas, polillas, chinches. etc.','4500','40','productos/pesticida3.png','2');
Insert into SE_VENDEN_PLANTAS.MENU_PRODUCTO (ID_PROD,NOMBRE_PROD,DESCRIPCION,PRECIO,STOCK,IMAGEN,CATEGORIA_ID) values ('16','Maceta de plastico','Algunos de los plásticos más comunes en las macetas son: El Polipropileno (PP) que se             identifica con el número 5, el Polietileno de alta densidad (HDPE), número 2 y el Polietileno de baja             densidad (LDPE), número 4.','2500','40','productos/Maceta_1.jpg','4');
Insert into SE_VENDEN_PLANTAS.MENU_PRODUCTO (ID_PROD,NOMBRE_PROD,DESCRIPCION,PRECIO,STOCK,IMAGEN,CATEGORIA_ID) values ('19','Maceta de greda','Es porosa y se seca con gran facilidad. El que sea porosa implica que, si un macetero de greda se coloca en una terraza muy helada, absorberá la humedad ambiente, con lo que la planta y sus raíces correrán el riesgo de congelarse','8500','40','productos/maceta_3.jpg','4');
Insert into SE_VENDEN_PLANTAS.MENU_PRODUCTO (ID_PROD,NOMBRE_PROD,DESCRIPCION,PRECIO,STOCK,IMAGEN,CATEGORIA_ID) values ('20','Maceta alta_plastic','Este tipo de macetas es mas que nada utilizado en oficinas, restaurantes o casas mas lujosas','7000','40','productos/Maceta_4.jpg','4');
Insert into SE_VENDEN_PLANTAS.MENU_PRODUCTO (ID_PROD,NOMBRE_PROD,DESCRIPCION,PRECIO,STOCK,IMAGEN,CATEGORIA_ID) values ('21','Maceta de ceramica','Las macetas de cerámica se fabrican a partir de arcillas naturales y componentes                         minerales mezclados con aditivos de diferente naturaleza.','7500','40','productos/Maceta_5.jpg','4');
Insert into SE_VENDEN_PLANTAS.MENU_PRODUCTO (ID_PROD,NOMBRE_PROD,DESCRIPCION,PRECIO,STOCK,IMAGEN,CATEGORIA_ID) values ('18','Maceta peque_plastic','es una maceta mas pequeña que las comunes hechas de plastico y al esta misma ser mas                         pequeña es de un plastico mas resistente al comun para no ser menos que las demas','1000','40','productos/Maceta_2_cxVehn6.jpg','4');
Insert into SE_VENDEN_PLANTAS.MENU_PRODUCTO (ID_PROD,NOMBRE_PROD,DESCRIPCION,PRECIO,STOCK,IMAGEN,CATEGORIA_ID) values ('22','Maceta de arcilla','Se trata de una maceta que aguanta perfectamente el frío y heladas, es porosa y 100% natural. Incluye agujero en la base para drenar el exceso de agua y que no se pudran las raíces. La Maceta de Barro es el accesorio perfecto para tus plantas, ya que ofrece calidez, porosidad y está hechas de materiales naturales.','6000','40','productos/Maceta_6.jpg','4');
Insert into SE_VENDEN_PLANTAS.MENU_PRODUCTO (ID_PROD,NOMBRE_PROD,DESCRIPCION,PRECIO,STOCK,IMAGEN,CATEGORIA_ID) values ('23','fertilizante anasac','Por lo general tienen un plazo de respuesta de 30 días aproximadamente. Son fácilmente             solubles en agua y a menudo se aplican disueltos en agua a través de un rociador.','15000','40','productos/Fertilizante1.png','5');
Insert into SE_VENDEN_PLANTAS.MENU_PRODUCTO (ID_PROD,NOMBRE_PROD,DESCRIPCION,PRECIO,STOCK,IMAGEN,CATEGORIA_ID) values ('24','Gas Agricola','Por lo general tienen un plazo de respuesta de 30 días aproximadamente. Son fácilmente             solubles en agua y a menudo se aplican disueltos en agua a través de un rociador.','12000','40','productos/Fertilizante2.png','5');
Insert into SE_VENDEN_PLANTAS.MENU_PRODUCTO (ID_PROD,NOMBRE_PROD,DESCRIPCION,PRECIO,STOCK,IMAGEN,CATEGORIA_ID) values ('25','sustrat_plant_inter','Por lo general tienen un plazo de respuesta de 30 días aproximadamente. Son fácilmente             solubles en agua y a menudo se aplican disueltos en agua a través de un rociador','45000','40','productos/Fertilizante3.png','5');
Insert into SE_VENDEN_PLANTAS.MENU_PRODUCTO (ID_PROD,NOMBRE_PROD,DESCRIPCION,PRECIO,STOCK,IMAGEN,CATEGORIA_ID) values ('26','Liquido Top Crop','Por lo general tienen un plazo de respuesta de 30 días aproximadamente. Son fácilmente             solubles en agua y a menudo se aplican disueltos en agua a través de un rociador.','22000','40','productos/Fertilizante4.png','5');
Insert into SE_VENDEN_PLANTAS.MENU_PRODUCTO (ID_PROD,NOMBRE_PROD,DESCRIPCION,PRECIO,STOCK,IMAGEN,CATEGORIA_ID) values ('27','biofert_plant_inter','Por lo general tienen un plazo de respuesta de 30 días aproximadamente. Son fácilmente             solubles en agua y a menudo se aplican disueltos en agua a través de un rociador.','18000','40','productos/Fertilizante5.png','5');
Insert into SE_VENDEN_PLANTAS.MENU_PRODUCTO (ID_PROD,NOMBRE_PROD,DESCRIPCION,PRECIO,STOCK,IMAGEN,CATEGORIA_ID) values ('28','fertilizante anasac','Por lo general tienen un plazo de respuesta de 30 días aproximadamente. Son fácilmente             solubles en agua y a menudo se aplican disueltos en agua a través de un rociador.','11000','40','productos/Fertilizante6.png','5');
REM INSERTING into SE_VENDEN_PLANTAS.MENU_REGION
SET DEFINE OFF;
REM INSERTING into SE_VENDEN_PLANTAS.MENU_ROL
SET DEFINE OFF;
Insert into SE_VENDEN_PLANTAS.MENU_ROL (ID_ROL,NOMBRE) values ('1','Usuario');
Insert into SE_VENDEN_PLANTAS.MENU_ROL (ID_ROL,NOMBRE) values ('2','Administrador');
REM INSERTING into SE_VENDEN_PLANTAS.MENU_USUARIO
SET DEFINE OFF;
Insert into SE_VENDEN_PLANTAS.MENU_USUARIO (ID_USUARIO,RUT,NOMBRES,APELLIDOS,TELEFONO,CORREO,CLAVE,RESPUESTA,PREGUNTA_ID,ROL_ID) values ('1',null,null,null,null,null,null,null,null,'1');
--------------------------------------------------------
--  DDL for Index AUTH_GROU_GROUP_ID__0CD325B0_U
--------------------------------------------------------

  CREATE UNIQUE INDEX "SE_VENDEN_PLANTAS"."AUTH_GROU_GROUP_ID__0CD325B0_U" ON "SE_VENDEN_PLANTAS"."AUTH_GROUP_PERMISSIONS" ("GROUP_ID", "PERMISSION_ID") 
  PCTFREE 10 INITRANS 2 MAXTRANS 255 COMPUTE STATISTICS 
  TABLESPACE "USERS" ;
--------------------------------------------------------
--  DDL for Index AUTH_PERM_CONTENT_T_01AB375A_U
--------------------------------------------------------

  CREATE UNIQUE INDEX "SE_VENDEN_PLANTAS"."AUTH_PERM_CONTENT_T_01AB375A_U" ON "SE_VENDEN_PLANTAS"."AUTH_PERMISSION" ("CONTENT_TYPE_ID", "CODENAME") 
  PCTFREE 10 INITRANS 2 MAXTRANS 255 COMPUTE STATISTICS 
  STORAGE(INITIAL 65536 NEXT 1048576 MINEXTENTS 1 MAXEXTENTS 2147483645
  PCTINCREASE 0 FREELISTS 1 FREELIST GROUPS 1
  BUFFER_POOL DEFAULT FLASH_CACHE DEFAULT CELL_FLASH_CACHE DEFAULT)
  TABLESPACE "USERS" ;
--------------------------------------------------------
--  DDL for Index AUTH_USER_USER_ID_G_94350C0C_U
--------------------------------------------------------

  CREATE UNIQUE INDEX "SE_VENDEN_PLANTAS"."AUTH_USER_USER_ID_G_94350C0C_U" ON "SE_VENDEN_PLANTAS"."AUTH_USER_GROUPS" ("USER_ID", "GROUP_ID") 
  PCTFREE 10 INITRANS 2 MAXTRANS 255 COMPUTE STATISTICS 
  TABLESPACE "USERS" ;
--------------------------------------------------------
--  DDL for Index AUTH_USER_USER_ID_P_14A6B632_U
--------------------------------------------------------

  CREATE UNIQUE INDEX "SE_VENDEN_PLANTAS"."AUTH_USER_USER_ID_P_14A6B632_U" ON "SE_VENDEN_PLANTAS"."AUTH_USER_USER_PERMISSIONS" ("USER_ID", "PERMISSION_ID") 
  PCTFREE 10 INITRANS 2 MAXTRANS 255 COMPUTE STATISTICS 
  TABLESPACE "USERS" ;
--------------------------------------------------------
--  DDL for Index DJANGO_CO_APP_LABEL_76BD3D3B_U
--------------------------------------------------------

  CREATE UNIQUE INDEX "SE_VENDEN_PLANTAS"."DJANGO_CO_APP_LABEL_76BD3D3B_U" ON "SE_VENDEN_PLANTAS"."DJANGO_CONTENT_TYPE" ("APP_LABEL", "MODEL") 
  PCTFREE 10 INITRANS 2 MAXTRANS 255 COMPUTE STATISTICS 
  STORAGE(INITIAL 65536 NEXT 1048576 MINEXTENTS 1 MAXEXTENTS 2147483645
  PCTINCREASE 0 FREELISTS 1 FREELIST GROUPS 1
  BUFFER_POOL DEFAULT FLASH_CACHE DEFAULT CELL_FLASH_CACHE DEFAULT)
  TABLESPACE "USERS" ;
--------------------------------------------------------
--  DDL for Index MENU_DIREC_USUARIO_ID_D9755BD6
--------------------------------------------------------

  CREATE INDEX "SE_VENDEN_PLANTAS"."MENU_DIREC_USUARIO_ID_D9755BD6" ON "SE_VENDEN_PLANTAS"."MENU_DIRECCION" ("USUARIO_ID") 
  PCTFREE 10 INITRANS 2 MAXTRANS 255 COMPUTE STATISTICS 
  TABLESPACE "USERS" ;
--------------------------------------------------------
--  DDL for Index DJANGO_ADM_CONTENT_TY_C4BCE8EB
--------------------------------------------------------

  CREATE INDEX "SE_VENDEN_PLANTAS"."DJANGO_ADM_CONTENT_TY_C4BCE8EB" ON "SE_VENDEN_PLANTAS"."DJANGO_ADMIN_LOG" ("CONTENT_TYPE_ID") 
  PCTFREE 10 INITRANS 2 MAXTRANS 255 COMPUTE STATISTICS 
  STORAGE(INITIAL 65536 NEXT 1048576 MINEXTENTS 1 MAXEXTENTS 2147483645
  PCTINCREASE 0 FREELISTS 1 FREELIST GROUPS 1
  BUFFER_POOL DEFAULT FLASH_CACHE DEFAULT CELL_FLASH_CACHE DEFAULT)
  TABLESPACE "USERS" ;
--------------------------------------------------------
--  DDL for Index MENU_PRODU_CATEGORIA__3F2522D6
--------------------------------------------------------

  CREATE INDEX "SE_VENDEN_PLANTAS"."MENU_PRODU_CATEGORIA__3F2522D6" ON "SE_VENDEN_PLANTAS"."MENU_PRODUCTO" ("CATEGORIA_ID") 
  PCTFREE 10 INITRANS 2 MAXTRANS 255 COMPUTE STATISTICS 
  STORAGE(INITIAL 65536 NEXT 1048576 MINEXTENTS 1 MAXEXTENTS 2147483645
  PCTINCREASE 0 FREELISTS 1 FREELIST GROUPS 1
  BUFFER_POOL DEFAULT FLASH_CACHE DEFAULT CELL_FLASH_CACHE DEFAULT)
  TABLESPACE "USERS" ;
--------------------------------------------------------
--  DDL for Index AUTH_GROUP_GROUP_ID_B120CBF9
--------------------------------------------------------

  CREATE INDEX "SE_VENDEN_PLANTAS"."AUTH_GROUP_GROUP_ID_B120CBF9" ON "SE_VENDEN_PLANTAS"."AUTH_GROUP_PERMISSIONS" ("GROUP_ID") 
  PCTFREE 10 INITRANS 2 MAXTRANS 255 COMPUTE STATISTICS 
  TABLESPACE "USERS" ;
--------------------------------------------------------
--  DDL for Index AUTH_GROUP_PERMISSION_84C5C92E
--------------------------------------------------------

  CREATE INDEX "SE_VENDEN_PLANTAS"."AUTH_GROUP_PERMISSION_84C5C92E" ON "SE_VENDEN_PLANTAS"."AUTH_GROUP_PERMISSIONS" ("PERMISSION_ID") 
  PCTFREE 10 INITRANS 2 MAXTRANS 255 COMPUTE STATISTICS 
  TABLESPACE "USERS" ;
--------------------------------------------------------
--  DDL for Index DJANGO_ADM_USER_ID_C564EBA6
--------------------------------------------------------

  CREATE INDEX "SE_VENDEN_PLANTAS"."DJANGO_ADM_USER_ID_C564EBA6" ON "SE_VENDEN_PLANTAS"."DJANGO_ADMIN_LOG" ("USER_ID") 
  PCTFREE 10 INITRANS 2 MAXTRANS 255 COMPUTE STATISTICS 
  STORAGE(INITIAL 65536 NEXT 1048576 MINEXTENTS 1 MAXEXTENTS 2147483645
  PCTINCREASE 0 FREELISTS 1 FREELIST GROUPS 1
  BUFFER_POOL DEFAULT FLASH_CACHE DEFAULT CELL_FLASH_CACHE DEFAULT)
  TABLESPACE "USERS" ;
--------------------------------------------------------
--  DDL for Index MENU_FACTU_USUARIO_ID_282A8E78
--------------------------------------------------------

  CREATE INDEX "SE_VENDEN_PLANTAS"."MENU_FACTU_USUARIO_ID_282A8E78" ON "SE_VENDEN_PLANTAS"."MENU_FACTURA" ("USUARIO_ID") 
  PCTFREE 10 INITRANS 2 MAXTRANS 255 COMPUTE STATISTICS 
  TABLESPACE "USERS" ;
--------------------------------------------------------
--  DDL for Index AUTH_USER__USER_ID_A95EAD1B
--------------------------------------------------------

  CREATE INDEX "SE_VENDEN_PLANTAS"."AUTH_USER__USER_ID_A95EAD1B" ON "SE_VENDEN_PLANTAS"."AUTH_USER_USER_PERMISSIONS" ("USER_ID") 
  PCTFREE 10 INITRANS 2 MAXTRANS 255 COMPUTE STATISTICS 
  TABLESPACE "USERS" ;
--------------------------------------------------------
--  DDL for Index MENU_DIREC_COMUNA_ID_C3AB4ECC
--------------------------------------------------------

  CREATE INDEX "SE_VENDEN_PLANTAS"."MENU_DIREC_COMUNA_ID_C3AB4ECC" ON "SE_VENDEN_PLANTAS"."MENU_DIRECCION" ("COMUNA_ID") 
  PCTFREE 10 INITRANS 2 MAXTRANS 255 COMPUTE STATISTICS 
  TABLESPACE "USERS" ;
--------------------------------------------------------
--  DDL for Index MENU_USUAR_PREGUNTA_I_C7F9C5DA
--------------------------------------------------------

  CREATE INDEX "SE_VENDEN_PLANTAS"."MENU_USUAR_PREGUNTA_I_C7F9C5DA" ON "SE_VENDEN_PLANTAS"."MENU_USUARIO" ("PREGUNTA_ID") 
  PCTFREE 10 INITRANS 2 MAXTRANS 255 COMPUTE STATISTICS 
  STORAGE(INITIAL 65536 NEXT 1048576 MINEXTENTS 1 MAXEXTENTS 2147483645
  PCTINCREASE 0 FREELISTS 1 FREELIST GROUPS 1
  BUFFER_POOL DEFAULT FLASH_CACHE DEFAULT CELL_FLASH_CACHE DEFAULT)
  TABLESPACE "USERS" ;
--------------------------------------------------------
--  DDL for Index AUTH_PERMI_CONTENT_TY_2F476E4B
--------------------------------------------------------

  CREATE INDEX "SE_VENDEN_PLANTAS"."AUTH_PERMI_CONTENT_TY_2F476E4B" ON "SE_VENDEN_PLANTAS"."AUTH_PERMISSION" ("CONTENT_TYPE_ID") 
  PCTFREE 10 INITRANS 2 MAXTRANS 255 COMPUTE STATISTICS 
  STORAGE(INITIAL 65536 NEXT 1048576 MINEXTENTS 1 MAXEXTENTS 2147483645
  PCTINCREASE 0 FREELISTS 1 FREELIST GROUPS 1
  BUFFER_POOL DEFAULT FLASH_CACHE DEFAULT CELL_FLASH_CACHE DEFAULT)
  TABLESPACE "USERS" ;
--------------------------------------------------------
--  DDL for Index MENU_DETAL_FACTURA_ID_E435439C
--------------------------------------------------------

  CREATE INDEX "SE_VENDEN_PLANTAS"."MENU_DETAL_FACTURA_ID_E435439C" ON "SE_VENDEN_PLANTAS"."MENU_DETALLE" ("FACTURA_ID") 
  PCTFREE 10 INITRANS 2 MAXTRANS 255 COMPUTE STATISTICS 
  TABLESPACE "USERS" ;
--------------------------------------------------------
--  DDL for Index AUTH_USER__PERMISSION_1FBB5F2C
--------------------------------------------------------

  CREATE INDEX "SE_VENDEN_PLANTAS"."AUTH_USER__PERMISSION_1FBB5F2C" ON "SE_VENDEN_PLANTAS"."AUTH_USER_USER_PERMISSIONS" ("PERMISSION_ID") 
  PCTFREE 10 INITRANS 2 MAXTRANS 255 COMPUTE STATISTICS 
  TABLESPACE "USERS" ;
--------------------------------------------------------
--  DDL for Index MENU_COMUNA_REGION_ID_B02AFBDB
--------------------------------------------------------

  CREATE INDEX "SE_VENDEN_PLANTAS"."MENU_COMUNA_REGION_ID_B02AFBDB" ON "SE_VENDEN_PLANTAS"."MENU_COMUNA" ("REGION_ID") 
  PCTFREE 10 INITRANS 2 MAXTRANS 255 COMPUTE STATISTICS 
  STORAGE(INITIAL 65536 NEXT 1048576 MINEXTENTS 1 MAXEXTENTS 2147483645
  PCTINCREASE 0 FREELISTS 1 FREELIST GROUPS 1
  BUFFER_POOL DEFAULT FLASH_CACHE DEFAULT CELL_FLASH_CACHE DEFAULT)
  TABLESPACE "USERS" ;
--------------------------------------------------------
--  DDL for Index MENU_USUARIO_ROL_ID_2FADA364
--------------------------------------------------------

  CREATE INDEX "SE_VENDEN_PLANTAS"."MENU_USUARIO_ROL_ID_2FADA364" ON "SE_VENDEN_PLANTAS"."MENU_USUARIO" ("ROL_ID") 
  PCTFREE 10 INITRANS 2 MAXTRANS 255 COMPUTE STATISTICS 
  STORAGE(INITIAL 65536 NEXT 1048576 MINEXTENTS 1 MAXEXTENTS 2147483645
  PCTINCREASE 0 FREELISTS 1 FREELIST GROUPS 1
  BUFFER_POOL DEFAULT FLASH_CACHE DEFAULT CELL_FLASH_CACHE DEFAULT)
  TABLESPACE "USERS" ;
--------------------------------------------------------
--  DDL for Index MENU_DETAL_PRODUCTO_I_D6150AD8
--------------------------------------------------------

  CREATE INDEX "SE_VENDEN_PLANTAS"."MENU_DETAL_PRODUCTO_I_D6150AD8" ON "SE_VENDEN_PLANTAS"."MENU_DETALLE" ("PRODUCTO_ID") 
  PCTFREE 10 INITRANS 2 MAXTRANS 255 COMPUTE STATISTICS 
  TABLESPACE "USERS" ;
--------------------------------------------------------
--  DDL for Index AUTH_USER__USER_ID_6A12ED8B
--------------------------------------------------------

  CREATE INDEX "SE_VENDEN_PLANTAS"."AUTH_USER__USER_ID_6A12ED8B" ON "SE_VENDEN_PLANTAS"."AUTH_USER_GROUPS" ("USER_ID") 
  PCTFREE 10 INITRANS 2 MAXTRANS 255 COMPUTE STATISTICS 
  TABLESPACE "USERS" ;
--------------------------------------------------------
--  DDL for Index MENU_FACTU_DIRECCION__FC3F6B9F
--------------------------------------------------------

  CREATE INDEX "SE_VENDEN_PLANTAS"."MENU_FACTU_DIRECCION__FC3F6B9F" ON "SE_VENDEN_PLANTAS"."MENU_FACTURA" ("DIRECCION_ID") 
  PCTFREE 10 INITRANS 2 MAXTRANS 255 COMPUTE STATISTICS 
  TABLESPACE "USERS" ;
--------------------------------------------------------
--  DDL for Index DJANGO_SES_EXPIRE_DAT_A5C62663
--------------------------------------------------------

  CREATE INDEX "SE_VENDEN_PLANTAS"."DJANGO_SES_EXPIRE_DAT_A5C62663" ON "SE_VENDEN_PLANTAS"."DJANGO_SESSION" ("EXPIRE_DATE") 
  PCTFREE 10 INITRANS 2 MAXTRANS 255 COMPUTE STATISTICS 
  STORAGE(INITIAL 65536 NEXT 1048576 MINEXTENTS 1 MAXEXTENTS 2147483645
  PCTINCREASE 0 FREELISTS 1 FREELIST GROUPS 1
  BUFFER_POOL DEFAULT FLASH_CACHE DEFAULT CELL_FLASH_CACHE DEFAULT)
  TABLESPACE "USERS" ;
--------------------------------------------------------
--  DDL for Index AUTH_USER__GROUP_ID_97559544
--------------------------------------------------------

  CREATE INDEX "SE_VENDEN_PLANTAS"."AUTH_USER__GROUP_ID_97559544" ON "SE_VENDEN_PLANTAS"."AUTH_USER_GROUPS" ("GROUP_ID") 
  PCTFREE 10 INITRANS 2 MAXTRANS 255 COMPUTE STATISTICS 
  TABLESPACE "USERS" ;
--------------------------------------------------------
--  Constraints for Table MENU_FACTURA
--------------------------------------------------------

  ALTER TABLE "SE_VENDEN_PLANTAS"."MENU_FACTURA" MODIFY ("ID_FACTURA" NOT NULL ENABLE);
  ALTER TABLE "SE_VENDEN_PLANTAS"."MENU_FACTURA" MODIFY ("FECHA_COMPRA" NOT NULL ENABLE);
  ALTER TABLE "SE_VENDEN_PLANTAS"."MENU_FACTURA" MODIFY ("F_DESPACHO" NOT NULL ENABLE);
  ALTER TABLE "SE_VENDEN_PLANTAS"."MENU_FACTURA" MODIFY ("F_ENTREGA" NOT NULL ENABLE);
  ALTER TABLE "SE_VENDEN_PLANTAS"."MENU_FACTURA" MODIFY ("COSTO_DESPACHO" NOT NULL ENABLE);
  ALTER TABLE "SE_VENDEN_PLANTAS"."MENU_FACTURA" MODIFY ("TOTAL" NOT NULL ENABLE);
  ALTER TABLE "SE_VENDEN_PLANTAS"."MENU_FACTURA" MODIFY ("DIRECCION_ID" NOT NULL ENABLE);
  ALTER TABLE "SE_VENDEN_PLANTAS"."MENU_FACTURA" MODIFY ("USUARIO_ID" NOT NULL ENABLE);
  ALTER TABLE "SE_VENDEN_PLANTAS"."MENU_FACTURA" ADD PRIMARY KEY ("ID_FACTURA")
  USING INDEX PCTFREE 10 INITRANS 2 MAXTRANS 255 COMPUTE STATISTICS 
  TABLESPACE "USERS"  ENABLE;
--------------------------------------------------------
--  Constraints for Table DJANGO_ADMIN_LOG
--------------------------------------------------------

  ALTER TABLE "SE_VENDEN_PLANTAS"."DJANGO_ADMIN_LOG" MODIFY ("ID" NOT NULL ENABLE);
  ALTER TABLE "SE_VENDEN_PLANTAS"."DJANGO_ADMIN_LOG" MODIFY ("ACTION_TIME" NOT NULL ENABLE);
  ALTER TABLE "SE_VENDEN_PLANTAS"."DJANGO_ADMIN_LOG" MODIFY ("ACTION_FLAG" NOT NULL ENABLE);
  ALTER TABLE "SE_VENDEN_PLANTAS"."DJANGO_ADMIN_LOG" MODIFY ("USER_ID" NOT NULL ENABLE);
  ALTER TABLE "SE_VENDEN_PLANTAS"."DJANGO_ADMIN_LOG" ADD CHECK ("ACTION_FLAG" >= 0) ENABLE;
  ALTER TABLE "SE_VENDEN_PLANTAS"."DJANGO_ADMIN_LOG" ADD PRIMARY KEY ("ID")
  USING INDEX PCTFREE 10 INITRANS 2 MAXTRANS 255 COMPUTE STATISTICS 
  STORAGE(INITIAL 65536 NEXT 1048576 MINEXTENTS 1 MAXEXTENTS 2147483645
  PCTINCREASE 0 FREELISTS 1 FREELIST GROUPS 1
  BUFFER_POOL DEFAULT FLASH_CACHE DEFAULT CELL_FLASH_CACHE DEFAULT)
  TABLESPACE "USERS"  ENABLE;
--------------------------------------------------------
--  Constraints for Table AUTH_PERMISSION
--------------------------------------------------------

  ALTER TABLE "SE_VENDEN_PLANTAS"."AUTH_PERMISSION" MODIFY ("ID" NOT NULL ENABLE);
  ALTER TABLE "SE_VENDEN_PLANTAS"."AUTH_PERMISSION" MODIFY ("CONTENT_TYPE_ID" NOT NULL ENABLE);
  ALTER TABLE "SE_VENDEN_PLANTAS"."AUTH_PERMISSION" ADD PRIMARY KEY ("ID")
  USING INDEX PCTFREE 10 INITRANS 2 MAXTRANS 255 COMPUTE STATISTICS 
  STORAGE(INITIAL 65536 NEXT 1048576 MINEXTENTS 1 MAXEXTENTS 2147483645
  PCTINCREASE 0 FREELISTS 1 FREELIST GROUPS 1
  BUFFER_POOL DEFAULT FLASH_CACHE DEFAULT CELL_FLASH_CACHE DEFAULT)
  TABLESPACE "USERS"  ENABLE;
  ALTER TABLE "SE_VENDEN_PLANTAS"."AUTH_PERMISSION" ADD CONSTRAINT "AUTH_PERM_CONTENT_T_01AB375A_U" UNIQUE ("CONTENT_TYPE_ID", "CODENAME")
  USING INDEX PCTFREE 10 INITRANS 2 MAXTRANS 255 COMPUTE STATISTICS 
  STORAGE(INITIAL 65536 NEXT 1048576 MINEXTENTS 1 MAXEXTENTS 2147483645
  PCTINCREASE 0 FREELISTS 1 FREELIST GROUPS 1
  BUFFER_POOL DEFAULT FLASH_CACHE DEFAULT CELL_FLASH_CACHE DEFAULT)
  TABLESPACE "USERS"  ENABLE;
--------------------------------------------------------
--  Constraints for Table DJANGO_MIGRATIONS
--------------------------------------------------------

  ALTER TABLE "SE_VENDEN_PLANTAS"."DJANGO_MIGRATIONS" MODIFY ("ID" NOT NULL ENABLE);
  ALTER TABLE "SE_VENDEN_PLANTAS"."DJANGO_MIGRATIONS" MODIFY ("APPLIED" NOT NULL ENABLE);
  ALTER TABLE "SE_VENDEN_PLANTAS"."DJANGO_MIGRATIONS" ADD PRIMARY KEY ("ID")
  USING INDEX PCTFREE 10 INITRANS 2 MAXTRANS 255 COMPUTE STATISTICS 
  STORAGE(INITIAL 65536 NEXT 1048576 MINEXTENTS 1 MAXEXTENTS 2147483645
  PCTINCREASE 0 FREELISTS 1 FREELIST GROUPS 1
  BUFFER_POOL DEFAULT FLASH_CACHE DEFAULT CELL_FLASH_CACHE DEFAULT)
  TABLESPACE "USERS"  ENABLE;
--------------------------------------------------------
--  Constraints for Table MENU_PRODUCTO
--------------------------------------------------------

  ALTER TABLE "SE_VENDEN_PLANTAS"."MENU_PRODUCTO" MODIFY ("ID_PROD" NOT NULL ENABLE);
  ALTER TABLE "SE_VENDEN_PLANTAS"."MENU_PRODUCTO" MODIFY ("PRECIO" NOT NULL ENABLE);
  ALTER TABLE "SE_VENDEN_PLANTAS"."MENU_PRODUCTO" MODIFY ("STOCK" NOT NULL ENABLE);
  ALTER TABLE "SE_VENDEN_PLANTAS"."MENU_PRODUCTO" MODIFY ("CATEGORIA_ID" NOT NULL ENABLE);
  ALTER TABLE "SE_VENDEN_PLANTAS"."MENU_PRODUCTO" ADD PRIMARY KEY ("ID_PROD")
  USING INDEX PCTFREE 10 INITRANS 2 MAXTRANS 255 COMPUTE STATISTICS 
  STORAGE(INITIAL 65536 NEXT 1048576 MINEXTENTS 1 MAXEXTENTS 2147483645
  PCTINCREASE 0 FREELISTS 1 FREELIST GROUPS 1
  BUFFER_POOL DEFAULT FLASH_CACHE DEFAULT CELL_FLASH_CACHE DEFAULT)
  TABLESPACE "USERS"  ENABLE;
--------------------------------------------------------
--  Constraints for Table MENU_REGION
--------------------------------------------------------

  ALTER TABLE "SE_VENDEN_PLANTAS"."MENU_REGION" MODIFY ("ID_REG" NOT NULL ENABLE);
  ALTER TABLE "SE_VENDEN_PLANTAS"."MENU_REGION" ADD PRIMARY KEY ("ID_REG")
  USING INDEX PCTFREE 10 INITRANS 2 MAXTRANS 255 COMPUTE STATISTICS 
  STORAGE(INITIAL 65536 NEXT 1048576 MINEXTENTS 1 MAXEXTENTS 2147483645
  PCTINCREASE 0 FREELISTS 1 FREELIST GROUPS 1
  BUFFER_POOL DEFAULT FLASH_CACHE DEFAULT CELL_FLASH_CACHE DEFAULT)
  TABLESPACE "USERS"  ENABLE;
--------------------------------------------------------
--  Constraints for Table AUTH_GROUP
--------------------------------------------------------

  ALTER TABLE "SE_VENDEN_PLANTAS"."AUTH_GROUP" MODIFY ("ID" NOT NULL ENABLE);
  ALTER TABLE "SE_VENDEN_PLANTAS"."AUTH_GROUP" ADD PRIMARY KEY ("ID")
  USING INDEX PCTFREE 10 INITRANS 2 MAXTRANS 255 COMPUTE STATISTICS 
  TABLESPACE "USERS"  ENABLE;
  ALTER TABLE "SE_VENDEN_PLANTAS"."AUTH_GROUP" ADD UNIQUE ("NAME")
  USING INDEX PCTFREE 10 INITRANS 2 MAXTRANS 255 COMPUTE STATISTICS 
  TABLESPACE "USERS"  ENABLE;
--------------------------------------------------------
--  Constraints for Table AUTH_GROUP_PERMISSIONS
--------------------------------------------------------

  ALTER TABLE "SE_VENDEN_PLANTAS"."AUTH_GROUP_PERMISSIONS" MODIFY ("ID" NOT NULL ENABLE);
  ALTER TABLE "SE_VENDEN_PLANTAS"."AUTH_GROUP_PERMISSIONS" MODIFY ("GROUP_ID" NOT NULL ENABLE);
  ALTER TABLE "SE_VENDEN_PLANTAS"."AUTH_GROUP_PERMISSIONS" MODIFY ("PERMISSION_ID" NOT NULL ENABLE);
  ALTER TABLE "SE_VENDEN_PLANTAS"."AUTH_GROUP_PERMISSIONS" ADD PRIMARY KEY ("ID")
  USING INDEX PCTFREE 10 INITRANS 2 MAXTRANS 255 COMPUTE STATISTICS 
  TABLESPACE "USERS"  ENABLE;
  ALTER TABLE "SE_VENDEN_PLANTAS"."AUTH_GROUP_PERMISSIONS" ADD CONSTRAINT "AUTH_GROU_GROUP_ID__0CD325B0_U" UNIQUE ("GROUP_ID", "PERMISSION_ID")
  USING INDEX PCTFREE 10 INITRANS 2 MAXTRANS 255 COMPUTE STATISTICS 
  TABLESPACE "USERS"  ENABLE;
--------------------------------------------------------
--  Constraints for Table MENU_COMUNA
--------------------------------------------------------

  ALTER TABLE "SE_VENDEN_PLANTAS"."MENU_COMUNA" MODIFY ("ID_COM" NOT NULL ENABLE);
  ALTER TABLE "SE_VENDEN_PLANTAS"."MENU_COMUNA" ADD PRIMARY KEY ("ID_COM")
  USING INDEX PCTFREE 10 INITRANS 2 MAXTRANS 255 COMPUTE STATISTICS 
  STORAGE(INITIAL 65536 NEXT 1048576 MINEXTENTS 1 MAXEXTENTS 2147483645
  PCTINCREASE 0 FREELISTS 1 FREELIST GROUPS 1
  BUFFER_POOL DEFAULT FLASH_CACHE DEFAULT CELL_FLASH_CACHE DEFAULT)
  TABLESPACE "USERS"  ENABLE;
  ALTER TABLE "SE_VENDEN_PLANTAS"."MENU_COMUNA" MODIFY ("REGION_ID" NOT NULL ENABLE);
--------------------------------------------------------
--  Constraints for Table MENU_DIRECCION
--------------------------------------------------------

  ALTER TABLE "SE_VENDEN_PLANTAS"."MENU_DIRECCION" MODIFY ("ID_DIREC" NOT NULL ENABLE);
  ALTER TABLE "SE_VENDEN_PLANTAS"."MENU_DIRECCION" MODIFY ("COMUNA_ID" NOT NULL ENABLE);
  ALTER TABLE "SE_VENDEN_PLANTAS"."MENU_DIRECCION" ADD PRIMARY KEY ("ID_DIREC")
  USING INDEX PCTFREE 10 INITRANS 2 MAXTRANS 255 COMPUTE STATISTICS 
  TABLESPACE "USERS"  ENABLE;
  ALTER TABLE "SE_VENDEN_PLANTAS"."MENU_DIRECCION" MODIFY ("USUARIO_ID" NOT NULL ENABLE);
--------------------------------------------------------
--  Constraints for Table MENU_USUARIO
--------------------------------------------------------

  ALTER TABLE "SE_VENDEN_PLANTAS"."MENU_USUARIO" MODIFY ("ID_USUARIO" NOT NULL ENABLE);
  ALTER TABLE "SE_VENDEN_PLANTAS"."MENU_USUARIO" MODIFY ("ROL_ID" NOT NULL ENABLE);
  ALTER TABLE "SE_VENDEN_PLANTAS"."MENU_USUARIO" ADD PRIMARY KEY ("ID_USUARIO")
  USING INDEX PCTFREE 10 INITRANS 2 MAXTRANS 255 COMPUTE STATISTICS 
  STORAGE(INITIAL 65536 NEXT 1048576 MINEXTENTS 1 MAXEXTENTS 2147483645
  PCTINCREASE 0 FREELISTS 1 FREELIST GROUPS 1
  BUFFER_POOL DEFAULT FLASH_CACHE DEFAULT CELL_FLASH_CACHE DEFAULT)
  TABLESPACE "USERS"  ENABLE;
--------------------------------------------------------
--  Constraints for Table MENU_ROL
--------------------------------------------------------

  ALTER TABLE "SE_VENDEN_PLANTAS"."MENU_ROL" MODIFY ("ID_ROL" NOT NULL ENABLE);
  ALTER TABLE "SE_VENDEN_PLANTAS"."MENU_ROL" ADD PRIMARY KEY ("ID_ROL")
  USING INDEX PCTFREE 10 INITRANS 2 MAXTRANS 255 COMPUTE STATISTICS 
  STORAGE(INITIAL 65536 NEXT 1048576 MINEXTENTS 1 MAXEXTENTS 2147483645
  PCTINCREASE 0 FREELISTS 1 FREELIST GROUPS 1
  BUFFER_POOL DEFAULT FLASH_CACHE DEFAULT CELL_FLASH_CACHE DEFAULT)
  TABLESPACE "USERS"  ENABLE;
--------------------------------------------------------
--  Constraints for Table AUTH_USER_USER_PERMISSIONS
--------------------------------------------------------

  ALTER TABLE "SE_VENDEN_PLANTAS"."AUTH_USER_USER_PERMISSIONS" MODIFY ("ID" NOT NULL ENABLE);
  ALTER TABLE "SE_VENDEN_PLANTAS"."AUTH_USER_USER_PERMISSIONS" MODIFY ("USER_ID" NOT NULL ENABLE);
  ALTER TABLE "SE_VENDEN_PLANTAS"."AUTH_USER_USER_PERMISSIONS" MODIFY ("PERMISSION_ID" NOT NULL ENABLE);
  ALTER TABLE "SE_VENDEN_PLANTAS"."AUTH_USER_USER_PERMISSIONS" ADD PRIMARY KEY ("ID")
  USING INDEX PCTFREE 10 INITRANS 2 MAXTRANS 255 COMPUTE STATISTICS 
  TABLESPACE "USERS"  ENABLE;
  ALTER TABLE "SE_VENDEN_PLANTAS"."AUTH_USER_USER_PERMISSIONS" ADD CONSTRAINT "AUTH_USER_USER_ID_P_14A6B632_U" UNIQUE ("USER_ID", "PERMISSION_ID")
  USING INDEX PCTFREE 10 INITRANS 2 MAXTRANS 255 COMPUTE STATISTICS 
  TABLESPACE "USERS"  ENABLE;
--------------------------------------------------------
--  Constraints for Table MENU_CATEGORIA
--------------------------------------------------------

  ALTER TABLE "SE_VENDEN_PLANTAS"."MENU_CATEGORIA" MODIFY ("ID_CATEGORIA" NOT NULL ENABLE);
  ALTER TABLE "SE_VENDEN_PLANTAS"."MENU_CATEGORIA" ADD PRIMARY KEY ("ID_CATEGORIA")
  USING INDEX PCTFREE 10 INITRANS 2 MAXTRANS 255 COMPUTE STATISTICS 
  STORAGE(INITIAL 65536 NEXT 1048576 MINEXTENTS 1 MAXEXTENTS 2147483645
  PCTINCREASE 0 FREELISTS 1 FREELIST GROUPS 1
  BUFFER_POOL DEFAULT FLASH_CACHE DEFAULT CELL_FLASH_CACHE DEFAULT)
  TABLESPACE "USERS"  ENABLE;
--------------------------------------------------------
--  Constraints for Table AUTH_USER
--------------------------------------------------------

  ALTER TABLE "SE_VENDEN_PLANTAS"."AUTH_USER" MODIFY ("ID" NOT NULL ENABLE);
  ALTER TABLE "SE_VENDEN_PLANTAS"."AUTH_USER" MODIFY ("IS_SUPERUSER" NOT NULL ENABLE);
  ALTER TABLE "SE_VENDEN_PLANTAS"."AUTH_USER" MODIFY ("IS_STAFF" NOT NULL ENABLE);
  ALTER TABLE "SE_VENDEN_PLANTAS"."AUTH_USER" MODIFY ("IS_ACTIVE" NOT NULL ENABLE);
  ALTER TABLE "SE_VENDEN_PLANTAS"."AUTH_USER" MODIFY ("DATE_JOINED" NOT NULL ENABLE);
  ALTER TABLE "SE_VENDEN_PLANTAS"."AUTH_USER" ADD CHECK ("IS_SUPERUSER" IN (0,1)) ENABLE;
  ALTER TABLE "SE_VENDEN_PLANTAS"."AUTH_USER" ADD CHECK ("IS_STAFF" IN (0,1)) ENABLE;
  ALTER TABLE "SE_VENDEN_PLANTAS"."AUTH_USER" ADD CHECK ("IS_ACTIVE" IN (0,1)) ENABLE;
  ALTER TABLE "SE_VENDEN_PLANTAS"."AUTH_USER" ADD PRIMARY KEY ("ID")
  USING INDEX PCTFREE 10 INITRANS 2 MAXTRANS 255 COMPUTE STATISTICS 
  STORAGE(INITIAL 65536 NEXT 1048576 MINEXTENTS 1 MAXEXTENTS 2147483645
  PCTINCREASE 0 FREELISTS 1 FREELIST GROUPS 1
  BUFFER_POOL DEFAULT FLASH_CACHE DEFAULT CELL_FLASH_CACHE DEFAULT)
  TABLESPACE "USERS"  ENABLE;
  ALTER TABLE "SE_VENDEN_PLANTAS"."AUTH_USER" ADD UNIQUE ("USERNAME")
  USING INDEX PCTFREE 10 INITRANS 2 MAXTRANS 255 COMPUTE STATISTICS 
  STORAGE(INITIAL 65536 NEXT 1048576 MINEXTENTS 1 MAXEXTENTS 2147483645
  PCTINCREASE 0 FREELISTS 1 FREELIST GROUPS 1
  BUFFER_POOL DEFAULT FLASH_CACHE DEFAULT CELL_FLASH_CACHE DEFAULT)
  TABLESPACE "USERS"  ENABLE;
--------------------------------------------------------
--  Constraints for Table AUTH_USER_GROUPS
--------------------------------------------------------

  ALTER TABLE "SE_VENDEN_PLANTAS"."AUTH_USER_GROUPS" MODIFY ("ID" NOT NULL ENABLE);
  ALTER TABLE "SE_VENDEN_PLANTAS"."AUTH_USER_GROUPS" MODIFY ("USER_ID" NOT NULL ENABLE);
  ALTER TABLE "SE_VENDEN_PLANTAS"."AUTH_USER_GROUPS" MODIFY ("GROUP_ID" NOT NULL ENABLE);
  ALTER TABLE "SE_VENDEN_PLANTAS"."AUTH_USER_GROUPS" ADD PRIMARY KEY ("ID")
  USING INDEX PCTFREE 10 INITRANS 2 MAXTRANS 255 COMPUTE STATISTICS 
  TABLESPACE "USERS"  ENABLE;
  ALTER TABLE "SE_VENDEN_PLANTAS"."AUTH_USER_GROUPS" ADD CONSTRAINT "AUTH_USER_USER_ID_G_94350C0C_U" UNIQUE ("USER_ID", "GROUP_ID")
  USING INDEX PCTFREE 10 INITRANS 2 MAXTRANS 255 COMPUTE STATISTICS 
  TABLESPACE "USERS"  ENABLE;
--------------------------------------------------------
--  Constraints for Table DJANGO_CONTENT_TYPE
--------------------------------------------------------

  ALTER TABLE "SE_VENDEN_PLANTAS"."DJANGO_CONTENT_TYPE" MODIFY ("ID" NOT NULL ENABLE);
  ALTER TABLE "SE_VENDEN_PLANTAS"."DJANGO_CONTENT_TYPE" ADD PRIMARY KEY ("ID")
  USING INDEX PCTFREE 10 INITRANS 2 MAXTRANS 255 COMPUTE STATISTICS 
  STORAGE(INITIAL 65536 NEXT 1048576 MINEXTENTS 1 MAXEXTENTS 2147483645
  PCTINCREASE 0 FREELISTS 1 FREELIST GROUPS 1
  BUFFER_POOL DEFAULT FLASH_CACHE DEFAULT CELL_FLASH_CACHE DEFAULT)
  TABLESPACE "USERS"  ENABLE;
  ALTER TABLE "SE_VENDEN_PLANTAS"."DJANGO_CONTENT_TYPE" ADD CONSTRAINT "DJANGO_CO_APP_LABEL_76BD3D3B_U" UNIQUE ("APP_LABEL", "MODEL")
  USING INDEX PCTFREE 10 INITRANS 2 MAXTRANS 255 COMPUTE STATISTICS 
  STORAGE(INITIAL 65536 NEXT 1048576 MINEXTENTS 1 MAXEXTENTS 2147483645
  PCTINCREASE 0 FREELISTS 1 FREELIST GROUPS 1
  BUFFER_POOL DEFAULT FLASH_CACHE DEFAULT CELL_FLASH_CACHE DEFAULT)
  TABLESPACE "USERS"  ENABLE;
--------------------------------------------------------
--  Constraints for Table DJANGO_SESSION
--------------------------------------------------------

  ALTER TABLE "SE_VENDEN_PLANTAS"."DJANGO_SESSION" MODIFY ("SESSION_KEY" NOT NULL ENABLE);
  ALTER TABLE "SE_VENDEN_PLANTAS"."DJANGO_SESSION" MODIFY ("EXPIRE_DATE" NOT NULL ENABLE);
  ALTER TABLE "SE_VENDEN_PLANTAS"."DJANGO_SESSION" ADD PRIMARY KEY ("SESSION_KEY")
  USING INDEX PCTFREE 10 INITRANS 2 MAXTRANS 255 COMPUTE STATISTICS 
  STORAGE(INITIAL 65536 NEXT 1048576 MINEXTENTS 1 MAXEXTENTS 2147483645
  PCTINCREASE 0 FREELISTS 1 FREELIST GROUPS 1
  BUFFER_POOL DEFAULT FLASH_CACHE DEFAULT CELL_FLASH_CACHE DEFAULT)
  TABLESPACE "USERS"  ENABLE;
--------------------------------------------------------
--  Constraints for Table MENU_DETALLE
--------------------------------------------------------

  ALTER TABLE "SE_VENDEN_PLANTAS"."MENU_DETALLE" MODIFY ("ID_DETALLE" NOT NULL ENABLE);
  ALTER TABLE "SE_VENDEN_PLANTAS"."MENU_DETALLE" MODIFY ("CANTIDAD" NOT NULL ENABLE);
  ALTER TABLE "SE_VENDEN_PLANTAS"."MENU_DETALLE" MODIFY ("SUBTOTAL" NOT NULL ENABLE);
  ALTER TABLE "SE_VENDEN_PLANTAS"."MENU_DETALLE" MODIFY ("FACTURA_ID" NOT NULL ENABLE);
  ALTER TABLE "SE_VENDEN_PLANTAS"."MENU_DETALLE" MODIFY ("PRODUCTO_ID" NOT NULL ENABLE);
  ALTER TABLE "SE_VENDEN_PLANTAS"."MENU_DETALLE" ADD PRIMARY KEY ("ID_DETALLE")
  USING INDEX PCTFREE 10 INITRANS 2 MAXTRANS 255 COMPUTE STATISTICS 
  TABLESPACE "USERS"  ENABLE;
--------------------------------------------------------
--  Constraints for Table MENU_PREGUNTA
--------------------------------------------------------

  ALTER TABLE "SE_VENDEN_PLANTAS"."MENU_PREGUNTA" MODIFY ("ID_PREG" NOT NULL ENABLE);
  ALTER TABLE "SE_VENDEN_PLANTAS"."MENU_PREGUNTA" ADD PRIMARY KEY ("ID_PREG")
  USING INDEX PCTFREE 10 INITRANS 2 MAXTRANS 255 COMPUTE STATISTICS 
  STORAGE(INITIAL 65536 NEXT 1048576 MINEXTENTS 1 MAXEXTENTS 2147483645
  PCTINCREASE 0 FREELISTS 1 FREELIST GROUPS 1
  BUFFER_POOL DEFAULT FLASH_CACHE DEFAULT CELL_FLASH_CACHE DEFAULT)
  TABLESPACE "USERS"  ENABLE;
--------------------------------------------------------
--  Ref Constraints for Table AUTH_GROUP_PERMISSIONS
--------------------------------------------------------

  ALTER TABLE "SE_VENDEN_PLANTAS"."AUTH_GROUP_PERMISSIONS" ADD CONSTRAINT "AUTH_GROU_GROUP_ID_B120CBF9_F" FOREIGN KEY ("GROUP_ID")
	  REFERENCES "SE_VENDEN_PLANTAS"."AUTH_GROUP" ("ID") DEFERRABLE INITIALLY DEFERRED ENABLE;
  ALTER TABLE "SE_VENDEN_PLANTAS"."AUTH_GROUP_PERMISSIONS" ADD CONSTRAINT "AUTH_GROU_PERMISSIO_84C5C92E_F" FOREIGN KEY ("PERMISSION_ID")
	  REFERENCES "SE_VENDEN_PLANTAS"."AUTH_PERMISSION" ("ID") DEFERRABLE INITIALLY DEFERRED ENABLE;
--------------------------------------------------------
--  Ref Constraints for Table AUTH_PERMISSION
--------------------------------------------------------

  ALTER TABLE "SE_VENDEN_PLANTAS"."AUTH_PERMISSION" ADD CONSTRAINT "AUTH_PERM_CONTENT_T_2F476E4B_F" FOREIGN KEY ("CONTENT_TYPE_ID")
	  REFERENCES "SE_VENDEN_PLANTAS"."DJANGO_CONTENT_TYPE" ("ID") DEFERRABLE INITIALLY DEFERRED ENABLE;
--------------------------------------------------------
--  Ref Constraints for Table AUTH_USER_GROUPS
--------------------------------------------------------

  ALTER TABLE "SE_VENDEN_PLANTAS"."AUTH_USER_GROUPS" ADD CONSTRAINT "AUTH_USER_USER_ID_6A12ED8B_F" FOREIGN KEY ("USER_ID")
	  REFERENCES "SE_VENDEN_PLANTAS"."AUTH_USER" ("ID") DEFERRABLE INITIALLY DEFERRED ENABLE;
  ALTER TABLE "SE_VENDEN_PLANTAS"."AUTH_USER_GROUPS" ADD CONSTRAINT "AUTH_USER_GROUP_ID_97559544_F" FOREIGN KEY ("GROUP_ID")
	  REFERENCES "SE_VENDEN_PLANTAS"."AUTH_GROUP" ("ID") DEFERRABLE INITIALLY DEFERRED ENABLE;
--------------------------------------------------------
--  Ref Constraints for Table AUTH_USER_USER_PERMISSIONS
--------------------------------------------------------

  ALTER TABLE "SE_VENDEN_PLANTAS"."AUTH_USER_USER_PERMISSIONS" ADD CONSTRAINT "AUTH_USER_USER_ID_A95EAD1B_F" FOREIGN KEY ("USER_ID")
	  REFERENCES "SE_VENDEN_PLANTAS"."AUTH_USER" ("ID") DEFERRABLE INITIALLY DEFERRED ENABLE;
  ALTER TABLE "SE_VENDEN_PLANTAS"."AUTH_USER_USER_PERMISSIONS" ADD CONSTRAINT "AUTH_USER_PERMISSIO_1FBB5F2C_F" FOREIGN KEY ("PERMISSION_ID")
	  REFERENCES "SE_VENDEN_PLANTAS"."AUTH_PERMISSION" ("ID") DEFERRABLE INITIALLY DEFERRED ENABLE;
--------------------------------------------------------
--  Ref Constraints for Table DJANGO_ADMIN_LOG
--------------------------------------------------------

  ALTER TABLE "SE_VENDEN_PLANTAS"."DJANGO_ADMIN_LOG" ADD CONSTRAINT "DJANGO_AD_CONTENT_T_C4BCE8EB_F" FOREIGN KEY ("CONTENT_TYPE_ID")
	  REFERENCES "SE_VENDEN_PLANTAS"."DJANGO_CONTENT_TYPE" ("ID") DEFERRABLE INITIALLY DEFERRED ENABLE;
  ALTER TABLE "SE_VENDEN_PLANTAS"."DJANGO_ADMIN_LOG" ADD CONSTRAINT "DJANGO_AD_USER_ID_C564EBA6_F" FOREIGN KEY ("USER_ID")
	  REFERENCES "SE_VENDEN_PLANTAS"."AUTH_USER" ("ID") DEFERRABLE INITIALLY DEFERRED ENABLE;
--------------------------------------------------------
--  Ref Constraints for Table MENU_COMUNA
--------------------------------------------------------

  ALTER TABLE "SE_VENDEN_PLANTAS"."MENU_COMUNA" ADD CONSTRAINT "MENU_COMU_REGION_ID_B02AFBDB_F" FOREIGN KEY ("REGION_ID")
	  REFERENCES "SE_VENDEN_PLANTAS"."MENU_REGION" ("ID_REG") DEFERRABLE INITIALLY DEFERRED ENABLE;
--------------------------------------------------------
--  Ref Constraints for Table MENU_DETALLE
--------------------------------------------------------

  ALTER TABLE "SE_VENDEN_PLANTAS"."MENU_DETALLE" ADD CONSTRAINT "MENU_DETA_FACTURA_I_E435439C_F" FOREIGN KEY ("FACTURA_ID")
	  REFERENCES "SE_VENDEN_PLANTAS"."MENU_FACTURA" ("ID_FACTURA") DEFERRABLE INITIALLY DEFERRED ENABLE;
  ALTER TABLE "SE_VENDEN_PLANTAS"."MENU_DETALLE" ADD CONSTRAINT "MENU_DETA_PRODUCTO__D6150AD8_F" FOREIGN KEY ("PRODUCTO_ID")
	  REFERENCES "SE_VENDEN_PLANTAS"."MENU_PRODUCTO" ("ID_PROD") DEFERRABLE INITIALLY DEFERRED ENABLE;
--------------------------------------------------------
--  Ref Constraints for Table MENU_DIRECCION
--------------------------------------------------------

  ALTER TABLE "SE_VENDEN_PLANTAS"."MENU_DIRECCION" ADD CONSTRAINT "MENU_DIRE_USUARIO_I_D9755BD6_F" FOREIGN KEY ("USUARIO_ID")
	  REFERENCES "SE_VENDEN_PLANTAS"."MENU_USUARIO" ("ID_USUARIO") DEFERRABLE INITIALLY DEFERRED ENABLE;
  ALTER TABLE "SE_VENDEN_PLANTAS"."MENU_DIRECCION" ADD CONSTRAINT "MENU_DIRE_COMUNA_ID_C3AB4ECC_F" FOREIGN KEY ("COMUNA_ID")
	  REFERENCES "SE_VENDEN_PLANTAS"."MENU_COMUNA" ("ID_COM") DEFERRABLE INITIALLY DEFERRED ENABLE;
--------------------------------------------------------
--  Ref Constraints for Table MENU_FACTURA
--------------------------------------------------------

  ALTER TABLE "SE_VENDEN_PLANTAS"."MENU_FACTURA" ADD CONSTRAINT "MENU_FACT_DIRECCION_FC3F6B9F_F" FOREIGN KEY ("DIRECCION_ID")
	  REFERENCES "SE_VENDEN_PLANTAS"."MENU_DIRECCION" ("ID_DIREC") DEFERRABLE INITIALLY DEFERRED ENABLE;
  ALTER TABLE "SE_VENDEN_PLANTAS"."MENU_FACTURA" ADD CONSTRAINT "MENU_FACT_USUARIO_I_282A8E78_F" FOREIGN KEY ("USUARIO_ID")
	  REFERENCES "SE_VENDEN_PLANTAS"."MENU_USUARIO" ("ID_USUARIO") DEFERRABLE INITIALLY DEFERRED ENABLE;
--------------------------------------------------------
--  Ref Constraints for Table MENU_PRODUCTO
--------------------------------------------------------

  ALTER TABLE "SE_VENDEN_PLANTAS"."MENU_PRODUCTO" ADD CONSTRAINT "MENU_PROD_CATEGORIA_3F2522D6_F" FOREIGN KEY ("CATEGORIA_ID")
	  REFERENCES "SE_VENDEN_PLANTAS"."MENU_CATEGORIA" ("ID_CATEGORIA") DEFERRABLE INITIALLY DEFERRED ENABLE;
--------------------------------------------------------
--  Ref Constraints for Table MENU_USUARIO
--------------------------------------------------------

  ALTER TABLE "SE_VENDEN_PLANTAS"."MENU_USUARIO" ADD CONSTRAINT "MENU_USUA_PREGUNTA__C7F9C5DA_F" FOREIGN KEY ("PREGUNTA_ID")
	  REFERENCES "SE_VENDEN_PLANTAS"."MENU_PREGUNTA" ("ID_PREG") DEFERRABLE INITIALLY DEFERRED ENABLE;
  ALTER TABLE "SE_VENDEN_PLANTAS"."MENU_USUARIO" ADD CONSTRAINT "MENU_USUA_ROL_ID_2FADA364_F" FOREIGN KEY ("ROL_ID")
	  REFERENCES "SE_VENDEN_PLANTAS"."MENU_ROL" ("ID_ROL") DEFERRABLE INITIALLY DEFERRED ENABLE;
