--------------------------------------------------------
-- Archivo creado  - martes-mayo-23-2023   
--------------------------------------------------------
--------------------------------------------------------
--  DDL for Table AUTH_GROUP
--------------------------------------------------------

  CREATE TABLE "SE_VENDEN_PLANTAS"."AUTH_GROUP" 
   (	"ID" NUMBER(11,0) GENERATED BY DEFAULT ON NULL AS IDENTITY MINVALUE 1 MAXVALUE 9999999999999999999999999999 INCREMENT BY 1 START WITH 1 CACHE 20 NOORDER  NOCYCLE  NOKEEP  NOSCALE , 
	"NAME" NVARCHAR2(150)
   ) SEGMENT CREATION DEFERRED 
  PCTFREE 10 PCTUSED 40 INITRANS 1 MAXTRANS 255 
 NOCOMPRESS LOGGING
  TABLESPACE "USERS" ;
--------------------------------------------------------
--  DDL for Table AUTH_GROUP_PERMISSIONS
--------------------------------------------------------

  CREATE TABLE "SE_VENDEN_PLANTAS"."AUTH_GROUP_PERMISSIONS" 
   (	"ID" NUMBER(19,0) GENERATED BY DEFAULT ON NULL AS IDENTITY MINVALUE 1 MAXVALUE 9999999999999999999999999999 INCREMENT BY 1 START WITH 1 CACHE 20 NOORDER  NOCYCLE  NOKEEP  NOSCALE , 
	"GROUP_ID" NUMBER(11,0), 
	"PERMISSION_ID" NUMBER(11,0)
   ) SEGMENT CREATION DEFERRED 
  PCTFREE 10 PCTUSED 40 INITRANS 1 MAXTRANS 255 
 NOCOMPRESS LOGGING
  TABLESPACE "USERS" ;
--------------------------------------------------------
--  DDL for Table AUTH_PERMISSION
--------------------------------------------------------

  CREATE TABLE "SE_VENDEN_PLANTAS"."AUTH_PERMISSION" 
   (	"ID" NUMBER(11,0) GENERATED BY DEFAULT ON NULL AS IDENTITY MINVALUE 1 MAXVALUE 9999999999999999999999999999 INCREMENT BY 1 START WITH 1 CACHE 20 NOORDER  NOCYCLE  NOKEEP  NOSCALE , 
	"NAME" NVARCHAR2(255), 
	"CONTENT_TYPE_ID" NUMBER(11,0), 
	"CODENAME" NVARCHAR2(100)
   ) SEGMENT CREATION IMMEDIATE 
  PCTFREE 10 PCTUSED 40 INITRANS 1 MAXTRANS 255 
 NOCOMPRESS LOGGING
  STORAGE(INITIAL 65536 NEXT 1048576 MINEXTENTS 1 MAXEXTENTS 2147483645
  PCTINCREASE 0 FREELISTS 1 FREELIST GROUPS 1
  BUFFER_POOL DEFAULT FLASH_CACHE DEFAULT CELL_FLASH_CACHE DEFAULT)
  TABLESPACE "USERS" ;
--------------------------------------------------------
--  DDL for Table AUTH_USER
--------------------------------------------------------

  CREATE TABLE "SE_VENDEN_PLANTAS"."AUTH_USER" 
   (	"ID" NUMBER(11,0) GENERATED BY DEFAULT ON NULL AS IDENTITY MINVALUE 1 MAXVALUE 9999999999999999999999999999 INCREMENT BY 1 START WITH 1 CACHE 20 NOORDER  NOCYCLE  NOKEEP  NOSCALE , 
	"PASSWORD" NVARCHAR2(128), 
	"LAST_LOGIN" TIMESTAMP (6), 
	"IS_SUPERUSER" NUMBER(1,0), 
	"USERNAME" NVARCHAR2(150), 
	"FIRST_NAME" NVARCHAR2(150), 
	"LAST_NAME" NVARCHAR2(150), 
	"EMAIL" NVARCHAR2(254), 
	"IS_STAFF" NUMBER(1,0), 
	"IS_ACTIVE" NUMBER(1,0), 
	"DATE_JOINED" TIMESTAMP (6)
   ) SEGMENT CREATION IMMEDIATE 
  PCTFREE 10 PCTUSED 40 INITRANS 1 MAXTRANS 255 
 NOCOMPRESS LOGGING
  STORAGE(INITIAL 65536 NEXT 1048576 MINEXTENTS 1 MAXEXTENTS 2147483645
  PCTINCREASE 0 FREELISTS 1 FREELIST GROUPS 1
  BUFFER_POOL DEFAULT FLASH_CACHE DEFAULT CELL_FLASH_CACHE DEFAULT)
  TABLESPACE "USERS" ;
--------------------------------------------------------
--  DDL for Table AUTH_USER_GROUPS
--------------------------------------------------------

  CREATE TABLE "SE_VENDEN_PLANTAS"."AUTH_USER_GROUPS" 
   (	"ID" NUMBER(19,0) GENERATED BY DEFAULT ON NULL AS IDENTITY MINVALUE 1 MAXVALUE 9999999999999999999999999999 INCREMENT BY 1 START WITH 1 CACHE 20 NOORDER  NOCYCLE  NOKEEP  NOSCALE , 
	"USER_ID" NUMBER(11,0), 
	"GROUP_ID" NUMBER(11,0)
   ) SEGMENT CREATION DEFERRED 
  PCTFREE 10 PCTUSED 40 INITRANS 1 MAXTRANS 255 
 NOCOMPRESS LOGGING
  TABLESPACE "USERS" ;
--------------------------------------------------------
--  DDL for Table AUTH_USER_USER_PERMISSIONS
--------------------------------------------------------

  CREATE TABLE "SE_VENDEN_PLANTAS"."AUTH_USER_USER_PERMISSIONS" 
   (	"ID" NUMBER(19,0) GENERATED BY DEFAULT ON NULL AS IDENTITY MINVALUE 1 MAXVALUE 9999999999999999999999999999 INCREMENT BY 1 START WITH 1 CACHE 20 NOORDER  NOCYCLE  NOKEEP  NOSCALE , 
	"USER_ID" NUMBER(11,0), 
	"PERMISSION_ID" NUMBER(11,0)
   ) SEGMENT CREATION DEFERRED 
  PCTFREE 10 PCTUSED 40 INITRANS 1 MAXTRANS 255 
 NOCOMPRESS LOGGING
  TABLESPACE "USERS" ;
--------------------------------------------------------
--  DDL for Table DJANGO_ADMIN_LOG
--------------------------------------------------------

  CREATE TABLE "SE_VENDEN_PLANTAS"."DJANGO_ADMIN_LOG" 
   (	"ID" NUMBER(11,0) GENERATED BY DEFAULT ON NULL AS IDENTITY MINVALUE 1 MAXVALUE 9999999999999999999999999999 INCREMENT BY 1 START WITH 1 CACHE 20 NOORDER  NOCYCLE  NOKEEP  NOSCALE , 
	"ACTION_TIME" TIMESTAMP (6), 
	"OBJECT_ID" NCLOB, 
	"OBJECT_REPR" NVARCHAR2(200), 
	"ACTION_FLAG" NUMBER(11,0), 
	"CHANGE_MESSAGE" NCLOB, 
	"CONTENT_TYPE_ID" NUMBER(11,0), 
	"USER_ID" NUMBER(11,0)
   ) SEGMENT CREATION IMMEDIATE 
  PCTFREE 10 PCTUSED 40 INITRANS 1 MAXTRANS 255 
 NOCOMPRESS LOGGING
  STORAGE(INITIAL 65536 NEXT 1048576 MINEXTENTS 1 MAXEXTENTS 2147483645
  PCTINCREASE 0 FREELISTS 1 FREELIST GROUPS 1
  BUFFER_POOL DEFAULT FLASH_CACHE DEFAULT CELL_FLASH_CACHE DEFAULT)
  TABLESPACE "USERS" 
 LOB ("OBJECT_ID") STORE AS SECUREFILE (
  TABLESPACE "USERS" ENABLE STORAGE IN ROW CHUNK 8192
  NOCACHE LOGGING  NOCOMPRESS  KEEP_DUPLICATES 
  STORAGE(INITIAL 106496 NEXT 1048576 MINEXTENTS 1 MAXEXTENTS 2147483645
  PCTINCREASE 0
  BUFFER_POOL DEFAULT FLASH_CACHE DEFAULT CELL_FLASH_CACHE DEFAULT)) 
 LOB ("CHANGE_MESSAGE") STORE AS SECUREFILE (
  TABLESPACE "USERS" ENABLE STORAGE IN ROW CHUNK 8192
  NOCACHE LOGGING  NOCOMPRESS  KEEP_DUPLICATES 
  STORAGE(INITIAL 106496 NEXT 1048576 MINEXTENTS 1 MAXEXTENTS 2147483645
  PCTINCREASE 0
  BUFFER_POOL DEFAULT FLASH_CACHE DEFAULT CELL_FLASH_CACHE DEFAULT)) ;
--------------------------------------------------------
--  DDL for Table DJANGO_CONTENT_TYPE
--------------------------------------------------------

  CREATE TABLE "SE_VENDEN_PLANTAS"."DJANGO_CONTENT_TYPE" 
   (	"ID" NUMBER(11,0) GENERATED BY DEFAULT ON NULL AS IDENTITY MINVALUE 1 MAXVALUE 9999999999999999999999999999 INCREMENT BY 1 START WITH 1 CACHE 20 NOORDER  NOCYCLE  NOKEEP  NOSCALE , 
	"APP_LABEL" NVARCHAR2(100), 
	"MODEL" NVARCHAR2(100)
   ) SEGMENT CREATION IMMEDIATE 
  PCTFREE 10 PCTUSED 40 INITRANS 1 MAXTRANS 255 
 NOCOMPRESS LOGGING
  STORAGE(INITIAL 65536 NEXT 1048576 MINEXTENTS 1 MAXEXTENTS 2147483645
  PCTINCREASE 0 FREELISTS 1 FREELIST GROUPS 1
  BUFFER_POOL DEFAULT FLASH_CACHE DEFAULT CELL_FLASH_CACHE DEFAULT)
  TABLESPACE "USERS" ;
--------------------------------------------------------
--  DDL for Table DJANGO_MIGRATIONS
--------------------------------------------------------

  CREATE TABLE "SE_VENDEN_PLANTAS"."DJANGO_MIGRATIONS" 
   (	"ID" NUMBER(19,0) GENERATED BY DEFAULT ON NULL AS IDENTITY MINVALUE 1 MAXVALUE 9999999999999999999999999999 INCREMENT BY 1 START WITH 1 CACHE 20 NOORDER  NOCYCLE  NOKEEP  NOSCALE , 
	"APP" NVARCHAR2(255), 
	"NAME" NVARCHAR2(255), 
	"APPLIED" TIMESTAMP (6)
   ) SEGMENT CREATION IMMEDIATE 
  PCTFREE 10 PCTUSED 40 INITRANS 1 MAXTRANS 255 
 NOCOMPRESS LOGGING
  STORAGE(INITIAL 65536 NEXT 1048576 MINEXTENTS 1 MAXEXTENTS 2147483645
  PCTINCREASE 0 FREELISTS 1 FREELIST GROUPS 1
  BUFFER_POOL DEFAULT FLASH_CACHE DEFAULT CELL_FLASH_CACHE DEFAULT)
  TABLESPACE "USERS" ;
--------------------------------------------------------
--  DDL for Table DJANGO_SESSION
--------------------------------------------------------

  CREATE TABLE "SE_VENDEN_PLANTAS"."DJANGO_SESSION" 
   (	"SESSION_KEY" NVARCHAR2(40), 
	"SESSION_DATA" NCLOB, 
	"EXPIRE_DATE" TIMESTAMP (6)
   ) SEGMENT CREATION IMMEDIATE 
  PCTFREE 10 PCTUSED 40 INITRANS 1 MAXTRANS 255 
 NOCOMPRESS LOGGING
  STORAGE(INITIAL 65536 NEXT 1048576 MINEXTENTS 1 MAXEXTENTS 2147483645
  PCTINCREASE 0 FREELISTS 1 FREELIST GROUPS 1
  BUFFER_POOL DEFAULT FLASH_CACHE DEFAULT CELL_FLASH_CACHE DEFAULT)
  TABLESPACE "USERS" 
 LOB ("SESSION_DATA") STORE AS SECUREFILE (
  TABLESPACE "USERS" ENABLE STORAGE IN ROW CHUNK 8192
  NOCACHE LOGGING  NOCOMPRESS  KEEP_DUPLICATES 
  STORAGE(INITIAL 106496 NEXT 1048576 MINEXTENTS 1 MAXEXTENTS 2147483645
  PCTINCREASE 0
  BUFFER_POOL DEFAULT FLASH_CACHE DEFAULT CELL_FLASH_CACHE DEFAULT)) ;
--------------------------------------------------------
--  DDL for Table MENU_CATEGORIA
--------------------------------------------------------

  CREATE TABLE "SE_VENDEN_PLANTAS"."MENU_CATEGORIA" 
   (	"ID_CATEGORIA" NUMBER(11,0) GENERATED BY DEFAULT ON NULL AS IDENTITY MINVALUE 1 MAXVALUE 9999999999999999999999999999 INCREMENT BY 1 START WITH 1 CACHE 20 NOORDER  NOCYCLE  NOKEEP  NOSCALE , 
	"NOMBRE_CATEGORIA" NVARCHAR2(20)
   ) SEGMENT CREATION IMMEDIATE 
  PCTFREE 10 PCTUSED 40 INITRANS 1 MAXTRANS 255 
 NOCOMPRESS LOGGING
  STORAGE(INITIAL 65536 NEXT 1048576 MINEXTENTS 1 MAXEXTENTS 2147483645
  PCTINCREASE 0 FREELISTS 1 FREELIST GROUPS 1
  BUFFER_POOL DEFAULT FLASH_CACHE DEFAULT CELL_FLASH_CACHE DEFAULT)
  TABLESPACE "USERS" ;
--------------------------------------------------------
--  DDL for Table MENU_COMUNA
--------------------------------------------------------

  CREATE TABLE "SE_VENDEN_PLANTAS"."MENU_COMUNA" 
   (	"ID_COM" NUMBER(11,0) GENERATED BY DEFAULT ON NULL AS IDENTITY MINVALUE 1 MAXVALUE 9999999999999999999999999999 INCREMENT BY 1 START WITH 1 CACHE 20 NOORDER  NOCYCLE  NOKEEP  NOSCALE , 
	"NOMBRE" NVARCHAR2(20), 
	"REGION_ID" NUMBER(11,0)
   ) SEGMENT CREATION IMMEDIATE 
  PCTFREE 10 PCTUSED 40 INITRANS 1 MAXTRANS 255 
 NOCOMPRESS LOGGING
  STORAGE(INITIAL 65536 NEXT 1048576 MINEXTENTS 1 MAXEXTENTS 2147483645
  PCTINCREASE 0 FREELISTS 1 FREELIST GROUPS 1
  BUFFER_POOL DEFAULT FLASH_CACHE DEFAULT CELL_FLASH_CACHE DEFAULT)
  TABLESPACE "USERS" ;
--------------------------------------------------------
--  DDL for Table MENU_DETALLE
--------------------------------------------------------

  CREATE TABLE "SE_VENDEN_PLANTAS"."MENU_DETALLE" 
   (	"ID_DETALLE" NUMBER(11,0) GENERATED BY DEFAULT ON NULL AS IDENTITY MINVALUE 1 MAXVALUE 9999999999999999999999999999 INCREMENT BY 1 START WITH 1 CACHE 20 NOORDER  NOCYCLE  NOKEEP  NOSCALE , 
	"CANTIDAD" NUMBER(11,0), 
	"SUBTOTAL" NUMBER(11,0), 
	"FACTURA_ID" NUMBER(11,0), 
	"PRODUCTO_ID" NUMBER(11,0)
   ) SEGMENT CREATION IMMEDIATE 
  PCTFREE 10 PCTUSED 40 INITRANS 1 MAXTRANS 255 
 NOCOMPRESS LOGGING
  STORAGE(INITIAL 65536 NEXT 1048576 MINEXTENTS 1 MAXEXTENTS 2147483645
  PCTINCREASE 0 FREELISTS 1 FREELIST GROUPS 1
  BUFFER_POOL DEFAULT FLASH_CACHE DEFAULT CELL_FLASH_CACHE DEFAULT)
  TABLESPACE "USERS" ;
--------------------------------------------------------
--  DDL for Table MENU_DIRECCION
--------------------------------------------------------

  CREATE TABLE "SE_VENDEN_PLANTAS"."MENU_DIRECCION" 
   (	"ID_DIREC" NUMBER(11,0) GENERATED BY DEFAULT ON NULL AS IDENTITY MINVALUE 1 MAXVALUE 9999999999999999999999999999 INCREMENT BY 1 START WITH 1 CACHE 20 NOORDER  NOCYCLE  NOKEEP  NOSCALE , 
	"CALLE" NVARCHAR2(30), 
	"NUM" NVARCHAR2(20), 
	"CODIGO_PO" NVARCHAR2(30), 
	"COMUNA_ID" NUMBER(11,0), 
	"USUARIO_ID" NUMBER(11,0)
   ) SEGMENT CREATION IMMEDIATE 
  PCTFREE 10 PCTUSED 40 INITRANS 1 MAXTRANS 255 
 NOCOMPRESS LOGGING
  STORAGE(INITIAL 65536 NEXT 1048576 MINEXTENTS 1 MAXEXTENTS 2147483645
  PCTINCREASE 0 FREELISTS 1 FREELIST GROUPS 1
  BUFFER_POOL DEFAULT FLASH_CACHE DEFAULT CELL_FLASH_CACHE DEFAULT)
  TABLESPACE "USERS" ;
--------------------------------------------------------
--  DDL for Table MENU_FACTURA
--------------------------------------------------------

  CREATE TABLE "SE_VENDEN_PLANTAS"."MENU_FACTURA" 
   (	"ID_FACTURA" NUMBER(11,0) GENERATED BY DEFAULT ON NULL AS IDENTITY MINVALUE 1 MAXVALUE 9999999999999999999999999999 INCREMENT BY 1 START WITH 1 CACHE 20 NOORDER  NOCYCLE  NOKEEP  NOSCALE , 
	"FECHA_COMPRA" DATE, 
	"F_DESPACHO" DATE, 
	"F_ENTREGA" DATE, 
	"ESTATUS" NVARCHAR2(200), 
	"COD_DESPACHO" NVARCHAR2(40), 
	"COSTO_DESPACHO" NUMBER(11,0), 
	"COMP_DESPACHO" NVARCHAR2(30), 
	"TOTAL" NUMBER(11,0), 
	"CARRITO" NVARCHAR2(40), 
	"DIRECCION_ID" NUMBER(11,0), 
	"USUARIO_ID" NUMBER(11,0)
   ) SEGMENT CREATION IMMEDIATE 
  PCTFREE 10 PCTUSED 40 INITRANS 1 MAXTRANS 255 
 NOCOMPRESS LOGGING
  STORAGE(INITIAL 65536 NEXT 1048576 MINEXTENTS 1 MAXEXTENTS 2147483645
  PCTINCREASE 0 FREELISTS 1 FREELIST GROUPS 1
  BUFFER_POOL DEFAULT FLASH_CACHE DEFAULT CELL_FLASH_CACHE DEFAULT)
  TABLESPACE "USERS" ;
--------------------------------------------------------
--  DDL for Table MENU_PREGUNTA
--------------------------------------------------------

  CREATE TABLE "SE_VENDEN_PLANTAS"."MENU_PREGUNTA" 
   (	"ID_PREG" NUMBER(11,0) GENERATED BY DEFAULT ON NULL AS IDENTITY MINVALUE 1 MAXVALUE 9999999999999999999999999999 INCREMENT BY 1 START WITH 1 CACHE 20 NOORDER  NOCYCLE  NOKEEP  NOSCALE , 
	"NOMBRE" NVARCHAR2(30)
   ) SEGMENT CREATION IMMEDIATE 
  PCTFREE 10 PCTUSED 40 INITRANS 1 MAXTRANS 255 
 NOCOMPRESS LOGGING
  STORAGE(INITIAL 65536 NEXT 1048576 MINEXTENTS 1 MAXEXTENTS 2147483645
  PCTINCREASE 0 FREELISTS 1 FREELIST GROUPS 1
  BUFFER_POOL DEFAULT FLASH_CACHE DEFAULT CELL_FLASH_CACHE DEFAULT)
  TABLESPACE "USERS" ;
--------------------------------------------------------
--  DDL for Table MENU_PRODUCTO
--------------------------------------------------------

  CREATE TABLE "SE_VENDEN_PLANTAS"."MENU_PRODUCTO" 
   (	"ID_PROD" NUMBER(11,0) GENERATED BY DEFAULT ON NULL AS IDENTITY MINVALUE 1 MAXVALUE 9999999999999999999999999999 INCREMENT BY 1 START WITH 1 CACHE 20 NOORDER  NOCYCLE  NOKEEP  NOSCALE , 
	"NOMBRE_PROD" NVARCHAR2(20), 
	"DESCRIPCION" NVARCHAR2(500), 
	"PRECIO" NUMBER(11,0), 
	"STOCK" NUMBER(11,0), 
	"CATEGORIA_ID" NUMBER(11,0)
   ) SEGMENT CREATION IMMEDIATE 
  PCTFREE 10 PCTUSED 40 INITRANS 1 MAXTRANS 255 
 NOCOMPRESS LOGGING
  STORAGE(INITIAL 65536 NEXT 1048576 MINEXTENTS 1 MAXEXTENTS 2147483645
  PCTINCREASE 0 FREELISTS 1 FREELIST GROUPS 1
  BUFFER_POOL DEFAULT FLASH_CACHE DEFAULT CELL_FLASH_CACHE DEFAULT)
  TABLESPACE "USERS" ;
--------------------------------------------------------
--  DDL for Table MENU_REGION
--------------------------------------------------------

  CREATE TABLE "SE_VENDEN_PLANTAS"."MENU_REGION" 
   (	"ID_REG" NUMBER(11,0) GENERATED BY DEFAULT ON NULL AS IDENTITY MINVALUE 1 MAXVALUE 9999999999999999999999999999 INCREMENT BY 1 START WITH 1 CACHE 20 NOORDER  NOCYCLE  NOKEEP  NOSCALE , 
	"NOMBRE" NVARCHAR2(20)
   ) SEGMENT CREATION IMMEDIATE 
  PCTFREE 10 PCTUSED 40 INITRANS 1 MAXTRANS 255 
 NOCOMPRESS LOGGING
  STORAGE(INITIAL 65536 NEXT 1048576 MINEXTENTS 1 MAXEXTENTS 2147483645
  PCTINCREASE 0 FREELISTS 1 FREELIST GROUPS 1
  BUFFER_POOL DEFAULT FLASH_CACHE DEFAULT CELL_FLASH_CACHE DEFAULT)
  TABLESPACE "USERS" ;
--------------------------------------------------------
--  DDL for Table MENU_ROL
--------------------------------------------------------

  CREATE TABLE "SE_VENDEN_PLANTAS"."MENU_ROL" 
   (	"ID_ROL" NUMBER(11,0) GENERATED BY DEFAULT ON NULL AS IDENTITY MINVALUE 1 MAXVALUE 9999999999999999999999999999 INCREMENT BY 1 START WITH 1 CACHE 20 NOORDER  NOCYCLE  NOKEEP  NOSCALE , 
	"NOMBRE" NVARCHAR2(30)
   ) SEGMENT CREATION IMMEDIATE 
  PCTFREE 10 PCTUSED 40 INITRANS 1 MAXTRANS 255 
 NOCOMPRESS LOGGING
  STORAGE(INITIAL 65536 NEXT 1048576 MINEXTENTS 1 MAXEXTENTS 2147483645
  PCTINCREASE 0 FREELISTS 1 FREELIST GROUPS 1
  BUFFER_POOL DEFAULT FLASH_CACHE DEFAULT CELL_FLASH_CACHE DEFAULT)
  TABLESPACE "USERS" ;
--------------------------------------------------------
--  DDL for Table MENU_USUARIO
--------------------------------------------------------

  CREATE TABLE "SE_VENDEN_PLANTAS"."MENU_USUARIO" 
   (	"ID_USUARIO" NUMBER(11,0) GENERATED BY DEFAULT ON NULL AS IDENTITY MINVALUE 1 MAXVALUE 9999999999999999999999999999 INCREMENT BY 1 START WITH 1 CACHE 20 NOORDER  NOCYCLE  NOKEEP  NOSCALE , 
	"RUT" NVARCHAR2(12), 
	"NOMBRES" NVARCHAR2(30), 
	"APELLIDOS" NVARCHAR2(30), 
	"TELEFONO" NVARCHAR2(10), 
	"CORREO" NVARCHAR2(50), 
	"CLAVE" NVARCHAR2(20), 
	"RESPUESTA" NVARCHAR2(20), 
	"PREGUNTA_ID" NUMBER(11,0), 
	"ROL_ID" NUMBER(11,0)
   ) SEGMENT CREATION IMMEDIATE 
  PCTFREE 10 PCTUSED 40 INITRANS 1 MAXTRANS 255 
 NOCOMPRESS LOGGING
  STORAGE(INITIAL 65536 NEXT 1048576 MINEXTENTS 1 MAXEXTENTS 2147483645
  PCTINCREASE 0 FREELISTS 1 FREELIST GROUPS 1
  BUFFER_POOL DEFAULT FLASH_CACHE DEFAULT CELL_FLASH_CACHE DEFAULT)
  TABLESPACE "USERS" ;
REM INSERTING into SE_VENDEN_PLANTAS.AUTH_GROUP
SET DEFINE OFF;
REM INSERTING into SE_VENDEN_PLANTAS.AUTH_GROUP_PERMISSIONS
SET DEFINE OFF;
REM INSERTING into SE_VENDEN_PLANTAS.AUTH_PERMISSION
SET DEFINE OFF;
Insert into SE_VENDEN_PLANTAS.AUTH_PERMISSION (ID,NAME,CONTENT_TYPE_ID,CODENAME) values ('1','Can add log entry','1','add_logentry');
Insert into SE_VENDEN_PLANTAS.AUTH_PERMISSION (ID,NAME,CONTENT_TYPE_ID,CODENAME) values ('2','Can change log entry','1','change_logentry');
Insert into SE_VENDEN_PLANTAS.AUTH_PERMISSION (ID,NAME,CONTENT_TYPE_ID,CODENAME) values ('3','Can delete log entry','1','delete_logentry');
Insert into SE_VENDEN_PLANTAS.AUTH_PERMISSION (ID,NAME,CONTENT_TYPE_ID,CODENAME) values ('4','Can view log entry','1','view_logentry');
Insert into SE_VENDEN_PLANTAS.AUTH_PERMISSION (ID,NAME,CONTENT_TYPE_ID,CODENAME) values ('5','Can add permission','2','add_permission');
Insert into SE_VENDEN_PLANTAS.AUTH_PERMISSION (ID,NAME,CONTENT_TYPE_ID,CODENAME) values ('6','Can change permission','2','change_permission');
Insert into SE_VENDEN_PLANTAS.AUTH_PERMISSION (ID,NAME,CONTENT_TYPE_ID,CODENAME) values ('7','Can delete permission','2','delete_permission');
Insert into SE_VENDEN_PLANTAS.AUTH_PERMISSION (ID,NAME,CONTENT_TYPE_ID,CODENAME) values ('8','Can view permission','2','view_permission');
Insert into SE_VENDEN_PLANTAS.AUTH_PERMISSION (ID,NAME,CONTENT_TYPE_ID,CODENAME) values ('9','Can add group','3','add_group');
Insert into SE_VENDEN_PLANTAS.AUTH_PERMISSION (ID,NAME,CONTENT_TYPE_ID,CODENAME) values ('10','Can change group','3','change_group');
Insert into SE_VENDEN_PLANTAS.AUTH_PERMISSION (ID,NAME,CONTENT_TYPE_ID,CODENAME) values ('11','Can delete group','3','delete_group');
Insert into SE_VENDEN_PLANTAS.AUTH_PERMISSION (ID,NAME,CONTENT_TYPE_ID,CODENAME) values ('12','Can view group','3','view_group');
Insert into SE_VENDEN_PLANTAS.AUTH_PERMISSION (ID,NAME,CONTENT_TYPE_ID,CODENAME) values ('13','Can add user','4','add_user');
Insert into SE_VENDEN_PLANTAS.AUTH_PERMISSION (ID,NAME,CONTENT_TYPE_ID,CODENAME) values ('14','Can change user','4','change_user');
Insert into SE_VENDEN_PLANTAS.AUTH_PERMISSION (ID,NAME,CONTENT_TYPE_ID,CODENAME) values ('15','Can delete user','4','delete_user');
Insert into SE_VENDEN_PLANTAS.AUTH_PERMISSION (ID,NAME,CONTENT_TYPE_ID,CODENAME) values ('16','Can view user','4','view_user');
Insert into SE_VENDEN_PLANTAS.AUTH_PERMISSION (ID,NAME,CONTENT_TYPE_ID,CODENAME) values ('17','Can add content type','5','add_contenttype');
Insert into SE_VENDEN_PLANTAS.AUTH_PERMISSION (ID,NAME,CONTENT_TYPE_ID,CODENAME) values ('18','Can change content type','5','change_contenttype');
Insert into SE_VENDEN_PLANTAS.AUTH_PERMISSION (ID,NAME,CONTENT_TYPE_ID,CODENAME) values ('19','Can delete content type','5','delete_contenttype');
Insert into SE_VENDEN_PLANTAS.AUTH_PERMISSION (ID,NAME,CONTENT_TYPE_ID,CODENAME) values ('20','Can view content type','5','view_contenttype');
Insert into SE_VENDEN_PLANTAS.AUTH_PERMISSION (ID,NAME,CONTENT_TYPE_ID,CODENAME) values ('21','Can add session','6','add_session');
Insert into SE_VENDEN_PLANTAS.AUTH_PERMISSION (ID,NAME,CONTENT_TYPE_ID,CODENAME) values ('22','Can change session','6','change_session');
Insert into SE_VENDEN_PLANTAS.AUTH_PERMISSION (ID,NAME,CONTENT_TYPE_ID,CODENAME) values ('23','Can delete session','6','delete_session');
Insert into SE_VENDEN_PLANTAS.AUTH_PERMISSION (ID,NAME,CONTENT_TYPE_ID,CODENAME) values ('24','Can view session','6','view_session');
Insert into SE_VENDEN_PLANTAS.AUTH_PERMISSION (ID,NAME,CONTENT_TYPE_ID,CODENAME) values ('25','Can add categoria','7','add_categoria');
Insert into SE_VENDEN_PLANTAS.AUTH_PERMISSION (ID,NAME,CONTENT_TYPE_ID,CODENAME) values ('26','Can change categoria','7','change_categoria');
Insert into SE_VENDEN_PLANTAS.AUTH_PERMISSION (ID,NAME,CONTENT_TYPE_ID,CODENAME) values ('27','Can delete categoria','7','delete_categoria');
Insert into SE_VENDEN_PLANTAS.AUTH_PERMISSION (ID,NAME,CONTENT_TYPE_ID,CODENAME) values ('28','Can view categoria','7','view_categoria');
Insert into SE_VENDEN_PLANTAS.AUTH_PERMISSION (ID,NAME,CONTENT_TYPE_ID,CODENAME) values ('29','Can add comuna','8','add_comuna');
Insert into SE_VENDEN_PLANTAS.AUTH_PERMISSION (ID,NAME,CONTENT_TYPE_ID,CODENAME) values ('30','Can change comuna','8','change_comuna');
Insert into SE_VENDEN_PLANTAS.AUTH_PERMISSION (ID,NAME,CONTENT_TYPE_ID,CODENAME) values ('31','Can delete comuna','8','delete_comuna');
Insert into SE_VENDEN_PLANTAS.AUTH_PERMISSION (ID,NAME,CONTENT_TYPE_ID,CODENAME) values ('32','Can view comuna','8','view_comuna');
Insert into SE_VENDEN_PLANTAS.AUTH_PERMISSION (ID,NAME,CONTENT_TYPE_ID,CODENAME) values ('33','Can add direccion','9','add_direccion');
Insert into SE_VENDEN_PLANTAS.AUTH_PERMISSION (ID,NAME,CONTENT_TYPE_ID,CODENAME) values ('34','Can change direccion','9','change_direccion');
Insert into SE_VENDEN_PLANTAS.AUTH_PERMISSION (ID,NAME,CONTENT_TYPE_ID,CODENAME) values ('35','Can delete direccion','9','delete_direccion');
Insert into SE_VENDEN_PLANTAS.AUTH_PERMISSION (ID,NAME,CONTENT_TYPE_ID,CODENAME) values ('36','Can view direccion','9','view_direccion');
Insert into SE_VENDEN_PLANTAS.AUTH_PERMISSION (ID,NAME,CONTENT_TYPE_ID,CODENAME) values ('37','Can add pregunta','10','add_pregunta');
Insert into SE_VENDEN_PLANTAS.AUTH_PERMISSION (ID,NAME,CONTENT_TYPE_ID,CODENAME) values ('38','Can change pregunta','10','change_pregunta');
Insert into SE_VENDEN_PLANTAS.AUTH_PERMISSION (ID,NAME,CONTENT_TYPE_ID,CODENAME) values ('39','Can delete pregunta','10','delete_pregunta');
Insert into SE_VENDEN_PLANTAS.AUTH_PERMISSION (ID,NAME,CONTENT_TYPE_ID,CODENAME) values ('40','Can view pregunta','10','view_pregunta');
Insert into SE_VENDEN_PLANTAS.AUTH_PERMISSION (ID,NAME,CONTENT_TYPE_ID,CODENAME) values ('41','Can add region','11','add_region');
Insert into SE_VENDEN_PLANTAS.AUTH_PERMISSION (ID,NAME,CONTENT_TYPE_ID,CODENAME) values ('42','Can change region','11','change_region');
Insert into SE_VENDEN_PLANTAS.AUTH_PERMISSION (ID,NAME,CONTENT_TYPE_ID,CODENAME) values ('43','Can delete region','11','delete_region');
Insert into SE_VENDEN_PLANTAS.AUTH_PERMISSION (ID,NAME,CONTENT_TYPE_ID,CODENAME) values ('44','Can view region','11','view_region');
Insert into SE_VENDEN_PLANTAS.AUTH_PERMISSION (ID,NAME,CONTENT_TYPE_ID,CODENAME) values ('45','Can add rol','12','add_rol');
Insert into SE_VENDEN_PLANTAS.AUTH_PERMISSION (ID,NAME,CONTENT_TYPE_ID,CODENAME) values ('46','Can change rol','12','change_rol');
Insert into SE_VENDEN_PLANTAS.AUTH_PERMISSION (ID,NAME,CONTENT_TYPE_ID,CODENAME) values ('47','Can delete rol','12','delete_rol');
Insert into SE_VENDEN_PLANTAS.AUTH_PERMISSION (ID,NAME,CONTENT_TYPE_ID,CODENAME) values ('48','Can view rol','12','view_rol');
Insert into SE_VENDEN_PLANTAS.AUTH_PERMISSION (ID,NAME,CONTENT_TYPE_ID,CODENAME) values ('49','Can add usuario','13','add_usuario');
Insert into SE_VENDEN_PLANTAS.AUTH_PERMISSION (ID,NAME,CONTENT_TYPE_ID,CODENAME) values ('50','Can change usuario','13','change_usuario');
Insert into SE_VENDEN_PLANTAS.AUTH_PERMISSION (ID,NAME,CONTENT_TYPE_ID,CODENAME) values ('51','Can delete usuario','13','delete_usuario');
Insert into SE_VENDEN_PLANTAS.AUTH_PERMISSION (ID,NAME,CONTENT_TYPE_ID,CODENAME) values ('52','Can view usuario','13','view_usuario');
Insert into SE_VENDEN_PLANTAS.AUTH_PERMISSION (ID,NAME,CONTENT_TYPE_ID,CODENAME) values ('53','Can add producto','14','add_producto');
Insert into SE_VENDEN_PLANTAS.AUTH_PERMISSION (ID,NAME,CONTENT_TYPE_ID,CODENAME) values ('54','Can change producto','14','change_producto');
Insert into SE_VENDEN_PLANTAS.AUTH_PERMISSION (ID,NAME,CONTENT_TYPE_ID,CODENAME) values ('55','Can delete producto','14','delete_producto');
Insert into SE_VENDEN_PLANTAS.AUTH_PERMISSION (ID,NAME,CONTENT_TYPE_ID,CODENAME) values ('56','Can view producto','14','view_producto');
Insert into SE_VENDEN_PLANTAS.AUTH_PERMISSION (ID,NAME,CONTENT_TYPE_ID,CODENAME) values ('57','Can add factura','15','add_factura');
Insert into SE_VENDEN_PLANTAS.AUTH_PERMISSION (ID,NAME,CONTENT_TYPE_ID,CODENAME) values ('58','Can change factura','15','change_factura');
Insert into SE_VENDEN_PLANTAS.AUTH_PERMISSION (ID,NAME,CONTENT_TYPE_ID,CODENAME) values ('59','Can delete factura','15','delete_factura');
Insert into SE_VENDEN_PLANTAS.AUTH_PERMISSION (ID,NAME,CONTENT_TYPE_ID,CODENAME) values ('60','Can view factura','15','view_factura');
Insert into SE_VENDEN_PLANTAS.AUTH_PERMISSION (ID,NAME,CONTENT_TYPE_ID,CODENAME) values ('61','Can add detalle','16','add_detalle');
Insert into SE_VENDEN_PLANTAS.AUTH_PERMISSION (ID,NAME,CONTENT_TYPE_ID,CODENAME) values ('62','Can change detalle','16','change_detalle');
Insert into SE_VENDEN_PLANTAS.AUTH_PERMISSION (ID,NAME,CONTENT_TYPE_ID,CODENAME) values ('63','Can delete detalle','16','delete_detalle');
Insert into SE_VENDEN_PLANTAS.AUTH_PERMISSION (ID,NAME,CONTENT_TYPE_ID,CODENAME) values ('64','Can view detalle','16','view_detalle');
REM INSERTING into SE_VENDEN_PLANTAS.AUTH_USER
SET DEFINE OFF;
Insert into SE_VENDEN_PLANTAS.AUTH_USER (ID,PASSWORD,LAST_LOGIN,IS_SUPERUSER,USERNAME,FIRST_NAME,LAST_NAME,EMAIL,IS_STAFF,IS_ACTIVE,DATE_JOINED) values ('1','pbkdf2_sha256$390000$LzcBHvsIiFCAZYyBersQ5R$39MRKMfs4rbj1TvaLnzhsHsoK9uR3wJg8DB/sXqysOw=',to_timestamp('23/05/23 13:16:50,490422000','DD/MM/RR HH24:MI:SSXFF'),'1','se_venden_plantas',null,null,'123@123.cl','1','1',to_timestamp('23/05/23 13:15:04,298137000','DD/MM/RR HH24:MI:SSXFF'));
REM INSERTING into SE_VENDEN_PLANTAS.AUTH_USER_GROUPS
SET DEFINE OFF;
REM INSERTING into SE_VENDEN_PLANTAS.AUTH_USER_USER_PERMISSIONS
SET DEFINE OFF;
REM INSERTING into SE_VENDEN_PLANTAS.DJANGO_ADMIN_LOG
SET DEFINE OFF;
Insert into SE_VENDEN_PLANTAS.DJANGO_ADMIN_LOG (ID,ACTION_TIME,OBJECT_REPR,ACTION_FLAG,CONTENT_TYPE_ID,USER_ID) values ('1',to_timestamp('23/05/23 13:22:53,508887000','DD/MM/RR HH24:MI:SSXFF'),'Pregunta object (1)','1','10','1');
Insert into SE_VENDEN_PLANTAS.DJANGO_ADMIN_LOG (ID,ACTION_TIME,OBJECT_REPR,ACTION_FLAG,CONTENT_TYPE_ID,USER_ID) values ('2',to_timestamp('23/05/23 13:23:06,981642000','DD/MM/RR HH24:MI:SSXFF'),'Rol object (1)','1','12','1');
Insert into SE_VENDEN_PLANTAS.DJANGO_ADMIN_LOG (ID,ACTION_TIME,OBJECT_REPR,ACTION_FLAG,CONTENT_TYPE_ID,USER_ID) values ('3',to_timestamp('23/05/23 13:23:12,789992000','DD/MM/RR HH24:MI:SSXFF'),'Usuario object (1)','1','13','1');
Insert into SE_VENDEN_PLANTAS.DJANGO_ADMIN_LOG (ID,ACTION_TIME,OBJECT_REPR,ACTION_FLAG,CONTENT_TYPE_ID,USER_ID) values ('4',to_timestamp('23/05/23 13:30:52,090842000','DD/MM/RR HH24:MI:SSXFF'),'Flores','1','7','1');
Insert into SE_VENDEN_PLANTAS.DJANGO_ADMIN_LOG (ID,ACTION_TIME,OBJECT_REPR,ACTION_FLAG,CONTENT_TYPE_ID,USER_ID) values ('5',to_timestamp('23/05/23 13:30:55,791689000','DD/MM/RR HH24:MI:SSXFF'),'Tulipan','1','14','1');
Insert into SE_VENDEN_PLANTAS.DJANGO_ADMIN_LOG (ID,ACTION_TIME,OBJECT_REPR,ACTION_FLAG,CONTENT_TYPE_ID,USER_ID) values ('21',to_timestamp('23/05/23 13:39:07,934518000','DD/MM/RR HH24:MI:SSXFF'),'Santiago','1','11','1');
Insert into SE_VENDEN_PLANTAS.DJANGO_ADMIN_LOG (ID,ACTION_TIME,OBJECT_REPR,ACTION_FLAG,CONTENT_TYPE_ID,USER_ID) values ('22',to_timestamp('23/05/23 13:39:12,801164000','DD/MM/RR HH24:MI:SSXFF'),'Huechuraba','1','8','1');
Insert into SE_VENDEN_PLANTAS.DJANGO_ADMIN_LOG (ID,ACTION_TIME,OBJECT_REPR,ACTION_FLAG,CONTENT_TYPE_ID,USER_ID) values ('23',to_timestamp('23/05/23 13:39:53,748159000','DD/MM/RR HH24:MI:SSXFF'),'Renca','1','8','1');
Insert into SE_VENDEN_PLANTAS.DJANGO_ADMIN_LOG (ID,ACTION_TIME,OBJECT_REPR,ACTION_FLAG,CONTENT_TYPE_ID,USER_ID) values ('24',to_timestamp('23/05/23 13:40:14,075584000','DD/MM/RR HH24:MI:SSXFF'),'Colina','1','8','1');
Insert into SE_VENDEN_PLANTAS.DJANGO_ADMIN_LOG (ID,ACTION_TIME,OBJECT_REPR,ACTION_FLAG,CONTENT_TYPE_ID,USER_ID) values ('25',to_timestamp('23/05/23 13:41:46,562552000','DD/MM/RR HH24:MI:SSXFF'),'80000','1','9','1');
Insert into SE_VENDEN_PLANTAS.DJANGO_ADMIN_LOG (ID,ACTION_TIME,OBJECT_REPR,ACTION_FLAG,CONTENT_TYPE_ID,USER_ID) values ('26',to_timestamp('23/05/23 13:41:51,358262000','DD/MM/RR HH24:MI:SSXFF'),'Factura object (1)','1','15','1');
Insert into SE_VENDEN_PLANTAS.DJANGO_ADMIN_LOG (ID,ACTION_TIME,OBJECT_REPR,ACTION_FLAG,CONTENT_TYPE_ID,USER_ID) values ('27',to_timestamp('23/05/23 13:42:00,458837000','DD/MM/RR HH24:MI:SSXFF'),'Detalle object (1)','1','16','1');
REM INSERTING into SE_VENDEN_PLANTAS.DJANGO_CONTENT_TYPE
SET DEFINE OFF;
Insert into SE_VENDEN_PLANTAS.DJANGO_CONTENT_TYPE (ID,APP_LABEL,MODEL) values ('1','admin','logentry');
Insert into SE_VENDEN_PLANTAS.DJANGO_CONTENT_TYPE (ID,APP_LABEL,MODEL) values ('2','auth','permission');
Insert into SE_VENDEN_PLANTAS.DJANGO_CONTENT_TYPE (ID,APP_LABEL,MODEL) values ('3','auth','group');
Insert into SE_VENDEN_PLANTAS.DJANGO_CONTENT_TYPE (ID,APP_LABEL,MODEL) values ('4','auth','user');
Insert into SE_VENDEN_PLANTAS.DJANGO_CONTENT_TYPE (ID,APP_LABEL,MODEL) values ('5','contenttypes','contenttype');
Insert into SE_VENDEN_PLANTAS.DJANGO_CONTENT_TYPE (ID,APP_LABEL,MODEL) values ('6','sessions','session');
Insert into SE_VENDEN_PLANTAS.DJANGO_CONTENT_TYPE (ID,APP_LABEL,MODEL) values ('7','menu','categoria');
Insert into SE_VENDEN_PLANTAS.DJANGO_CONTENT_TYPE (ID,APP_LABEL,MODEL) values ('8','menu','comuna');
Insert into SE_VENDEN_PLANTAS.DJANGO_CONTENT_TYPE (ID,APP_LABEL,MODEL) values ('9','menu','direccion');
Insert into SE_VENDEN_PLANTAS.DJANGO_CONTENT_TYPE (ID,APP_LABEL,MODEL) values ('10','menu','pregunta');
Insert into SE_VENDEN_PLANTAS.DJANGO_CONTENT_TYPE (ID,APP_LABEL,MODEL) values ('11','menu','region');
Insert into SE_VENDEN_PLANTAS.DJANGO_CONTENT_TYPE (ID,APP_LABEL,MODEL) values ('12','menu','rol');
Insert into SE_VENDEN_PLANTAS.DJANGO_CONTENT_TYPE (ID,APP_LABEL,MODEL) values ('13','menu','usuario');
Insert into SE_VENDEN_PLANTAS.DJANGO_CONTENT_TYPE (ID,APP_LABEL,MODEL) values ('14','menu','producto');
Insert into SE_VENDEN_PLANTAS.DJANGO_CONTENT_TYPE (ID,APP_LABEL,MODEL) values ('15','menu','factura');
Insert into SE_VENDEN_PLANTAS.DJANGO_CONTENT_TYPE (ID,APP_LABEL,MODEL) values ('16','menu','detalle');
REM INSERTING into SE_VENDEN_PLANTAS.DJANGO_MIGRATIONS
SET DEFINE OFF;
Insert into SE_VENDEN_PLANTAS.DJANGO_MIGRATIONS (ID,APP,NAME,APPLIED) values ('1','contenttypes','0001_initial',to_timestamp('23/05/23 13:13:59,742026000','DD/MM/RR HH24:MI:SSXFF'));
Insert into SE_VENDEN_PLANTAS.DJANGO_MIGRATIONS (ID,APP,NAME,APPLIED) values ('2','auth','0001_initial',to_timestamp('23/05/23 13:14:00,038969000','DD/MM/RR HH24:MI:SSXFF'));
Insert into SE_VENDEN_PLANTAS.DJANGO_MIGRATIONS (ID,APP,NAME,APPLIED) values ('3','admin','0001_initial',to_timestamp('23/05/23 13:14:00,125698000','DD/MM/RR HH24:MI:SSXFF'));
Insert into SE_VENDEN_PLANTAS.DJANGO_MIGRATIONS (ID,APP,NAME,APPLIED) values ('4','admin','0002_logentry_remove_auto_add',to_timestamp('23/05/23 13:14:00,147411000','DD/MM/RR HH24:MI:SSXFF'));
Insert into SE_VENDEN_PLANTAS.DJANGO_MIGRATIONS (ID,APP,NAME,APPLIED) values ('5','admin','0003_logentry_add_action_flag_choices',to_timestamp('23/05/23 13:14:00,176251000','DD/MM/RR HH24:MI:SSXFF'));
Insert into SE_VENDEN_PLANTAS.DJANGO_MIGRATIONS (ID,APP,NAME,APPLIED) values ('6','contenttypes','0002_remove_content_type_name',to_timestamp('23/05/23 13:14:00,541784000','DD/MM/RR HH24:MI:SSXFF'));
Insert into SE_VENDEN_PLANTAS.DJANGO_MIGRATIONS (ID,APP,NAME,APPLIED) values ('7','auth','0002_alter_permission_name_max_length',to_timestamp('23/05/23 13:14:00,589302000','DD/MM/RR HH24:MI:SSXFF'));
Insert into SE_VENDEN_PLANTAS.DJANGO_MIGRATIONS (ID,APP,NAME,APPLIED) values ('8','auth','0003_alter_user_email_max_length',to_timestamp('23/05/23 13:14:00,618490000','DD/MM/RR HH24:MI:SSXFF'));
Insert into SE_VENDEN_PLANTAS.DJANGO_MIGRATIONS (ID,APP,NAME,APPLIED) values ('9','auth','0004_alter_user_username_opts',to_timestamp('23/05/23 13:14:00,640804000','DD/MM/RR HH24:MI:SSXFF'));
Insert into SE_VENDEN_PLANTAS.DJANGO_MIGRATIONS (ID,APP,NAME,APPLIED) values ('10','auth','0005_alter_user_last_login_null',to_timestamp('23/05/23 13:14:00,672810000','DD/MM/RR HH24:MI:SSXFF'));
Insert into SE_VENDEN_PLANTAS.DJANGO_MIGRATIONS (ID,APP,NAME,APPLIED) values ('11','auth','0006_require_contenttypes_0002',to_timestamp('23/05/23 13:14:00,690813000','DD/MM/RR HH24:MI:SSXFF'));
Insert into SE_VENDEN_PLANTAS.DJANGO_MIGRATIONS (ID,APP,NAME,APPLIED) values ('12','auth','0007_alter_validators_add_error_messages',to_timestamp('23/05/23 13:14:00,712818000','DD/MM/RR HH24:MI:SSXFF'));
Insert into SE_VENDEN_PLANTAS.DJANGO_MIGRATIONS (ID,APP,NAME,APPLIED) values ('13','auth','0008_alter_user_username_max_length',to_timestamp('23/05/23 13:14:00,740823000','DD/MM/RR HH24:MI:SSXFF'));
Insert into SE_VENDEN_PLANTAS.DJANGO_MIGRATIONS (ID,APP,NAME,APPLIED) values ('14','auth','0009_alter_user_last_name_max_length',to_timestamp('23/05/23 13:14:00,770648000','DD/MM/RR HH24:MI:SSXFF'));
Insert into SE_VENDEN_PLANTAS.DJANGO_MIGRATIONS (ID,APP,NAME,APPLIED) values ('15','auth','0010_alter_group_name_max_length',to_timestamp('23/05/23 13:14:00,806169000','DD/MM/RR HH24:MI:SSXFF'));
Insert into SE_VENDEN_PLANTAS.DJANGO_MIGRATIONS (ID,APP,NAME,APPLIED) values ('16','auth','0011_update_proxy_permissions',to_timestamp('23/05/23 13:14:00,828560000','DD/MM/RR HH24:MI:SSXFF'));
Insert into SE_VENDEN_PLANTAS.DJANGO_MIGRATIONS (ID,APP,NAME,APPLIED) values ('17','auth','0012_alter_user_first_name_max_length',to_timestamp('23/05/23 13:14:00,856025000','DD/MM/RR HH24:MI:SSXFF'));
Insert into SE_VENDEN_PLANTAS.DJANGO_MIGRATIONS (ID,APP,NAME,APPLIED) values ('18','menu','0001_initial',to_timestamp('23/05/23 13:14:01,153630000','DD/MM/RR HH24:MI:SSXFF'));
Insert into SE_VENDEN_PLANTAS.DJANGO_MIGRATIONS (ID,APP,NAME,APPLIED) values ('19','sessions','0001_initial',to_timestamp('23/05/23 13:14:01,185636000','DD/MM/RR HH24:MI:SSXFF'));
REM INSERTING into SE_VENDEN_PLANTAS.DJANGO_SESSION
SET DEFINE OFF;
Insert into SE_VENDEN_PLANTAS.DJANGO_SESSION (SESSION_KEY,EXPIRE_DATE) values ('lzqvw076rnxt3qyf6hlb9r7rqt0nscd1',to_timestamp('06/06/23 13:16:50,494423000','DD/MM/RR HH24:MI:SSXFF'));
REM INSERTING into SE_VENDEN_PLANTAS.MENU_CATEGORIA
SET DEFINE OFF;
Insert into SE_VENDEN_PLANTAS.MENU_CATEGORIA (ID_CATEGORIA,NOMBRE_CATEGORIA) values ('1','Flores');
REM INSERTING into SE_VENDEN_PLANTAS.MENU_COMUNA
SET DEFINE OFF;
Insert into SE_VENDEN_PLANTAS.MENU_COMUNA (ID_COM,NOMBRE,REGION_ID) values ('1','Huechuraba','1');
Insert into SE_VENDEN_PLANTAS.MENU_COMUNA (ID_COM,NOMBRE,REGION_ID) values ('2','Renca','1');
Insert into SE_VENDEN_PLANTAS.MENU_COMUNA (ID_COM,NOMBRE,REGION_ID) values ('3','Colina','1');
REM INSERTING into SE_VENDEN_PLANTAS.MENU_DETALLE
SET DEFINE OFF;
Insert into SE_VENDEN_PLANTAS.MENU_DETALLE (ID_DETALLE,CANTIDAD,SUBTOTAL,FACTURA_ID,PRODUCTO_ID) values ('1','1','5','1','1');
REM INSERTING into SE_VENDEN_PLANTAS.MENU_DIRECCION
SET DEFINE OFF;
Insert into SE_VENDEN_PLANTAS.MENU_DIRECCION (ID_DIREC,CALLE,NUM,CODIGO_PO,COMUNA_ID,USUARIO_ID) values ('1','simon','12','80000','3','1');
REM INSERTING into SE_VENDEN_PLANTAS.MENU_FACTURA
SET DEFINE OFF;
Insert into SE_VENDEN_PLANTAS.MENU_FACTURA (ID_FACTURA,FECHA_COMPRA,F_DESPACHO,F_ENTREGA,ESTATUS,COD_DESPACHO,COSTO_DESPACHO,COMP_DESPACHO,TOTAL,CARRITO,DIRECCION_ID,USUARIO_ID) values ('1',to_date('23/05/23','DD/MM/RR'),to_date('23/05/23','DD/MM/RR'),to_date('23/05/23','DD/MM/RR'),'si','1','3','starken','8','0','1','1');
REM INSERTING into SE_VENDEN_PLANTAS.MENU_PREGUNTA
SET DEFINE OFF;
Insert into SE_VENDEN_PLANTAS.MENU_PREGUNTA (ID_PREG,NOMBRE) values ('1','te gusta el chocolate?');
REM INSERTING into SE_VENDEN_PLANTAS.MENU_PRODUCTO
SET DEFINE OFF;
Insert into SE_VENDEN_PLANTAS.MENU_PRODUCTO (ID_PROD,NOMBRE_PROD,DESCRIPCION,PRECIO,STOCK,CATEGORIA_ID) values ('1','Tulipan','es un tulipan','1','2','1');
REM INSERTING into SE_VENDEN_PLANTAS.MENU_REGION
SET DEFINE OFF;
Insert into SE_VENDEN_PLANTAS.MENU_REGION (ID_REG,NOMBRE) values ('1','Santiago');
REM INSERTING into SE_VENDEN_PLANTAS.MENU_ROL
SET DEFINE OFF;
Insert into SE_VENDEN_PLANTAS.MENU_ROL (ID_ROL,NOMBRE) values ('1','boomer');
REM INSERTING into SE_VENDEN_PLANTAS.MENU_USUARIO
SET DEFINE OFF;
Insert into SE_VENDEN_PLANTAS.MENU_USUARIO (ID_USUARIO,RUT,NOMBRES,APELLIDOS,TELEFONO,CORREO,CLAVE,RESPUESTA,PREGUNTA_ID,ROL_ID) values ('1','12345345-9','Juan Augusto','Perez Pinochet','7389364','Juansito_bellako@gmail.com','12345','sexo','1','1');
--------------------------------------------------------
--  DDL for Index AUTH_GROU_GROUP_ID__0CD325B0_U
--------------------------------------------------------

  CREATE UNIQUE INDEX "SE_VENDEN_PLANTAS"."AUTH_GROU_GROUP_ID__0CD325B0_U" ON "SE_VENDEN_PLANTAS"."AUTH_GROUP_PERMISSIONS" ("GROUP_ID", "PERMISSION_ID") 
  PCTFREE 10 INITRANS 2 MAXTRANS 255 COMPUTE STATISTICS 
  TABLESPACE "USERS" ;
--------------------------------------------------------
--  DDL for Index AUTH_PERM_CONTENT_T_01AB375A_U
--------------------------------------------------------

  CREATE UNIQUE INDEX "SE_VENDEN_PLANTAS"."AUTH_PERM_CONTENT_T_01AB375A_U" ON "SE_VENDEN_PLANTAS"."AUTH_PERMISSION" ("CONTENT_TYPE_ID", "CODENAME") 
  PCTFREE 10 INITRANS 2 MAXTRANS 255 COMPUTE STATISTICS 
  STORAGE(INITIAL 65536 NEXT 1048576 MINEXTENTS 1 MAXEXTENTS 2147483645
  PCTINCREASE 0 FREELISTS 1 FREELIST GROUPS 1
  BUFFER_POOL DEFAULT FLASH_CACHE DEFAULT CELL_FLASH_CACHE DEFAULT)
  TABLESPACE "USERS" ;
--------------------------------------------------------
--  DDL for Index AUTH_USER_USER_ID_G_94350C0C_U
--------------------------------------------------------

  CREATE UNIQUE INDEX "SE_VENDEN_PLANTAS"."AUTH_USER_USER_ID_G_94350C0C_U" ON "SE_VENDEN_PLANTAS"."AUTH_USER_GROUPS" ("USER_ID", "GROUP_ID") 
  PCTFREE 10 INITRANS 2 MAXTRANS 255 COMPUTE STATISTICS 
  TABLESPACE "USERS" ;
--------------------------------------------------------
--  DDL for Index AUTH_USER_USER_ID_P_14A6B632_U
--------------------------------------------------------

  CREATE UNIQUE INDEX "SE_VENDEN_PLANTAS"."AUTH_USER_USER_ID_P_14A6B632_U" ON "SE_VENDEN_PLANTAS"."AUTH_USER_USER_PERMISSIONS" ("USER_ID", "PERMISSION_ID") 
  PCTFREE 10 INITRANS 2 MAXTRANS 255 COMPUTE STATISTICS 
  TABLESPACE "USERS" ;
--------------------------------------------------------
--  DDL for Index DJANGO_CO_APP_LABEL_76BD3D3B_U
--------------------------------------------------------

  CREATE UNIQUE INDEX "SE_VENDEN_PLANTAS"."DJANGO_CO_APP_LABEL_76BD3D3B_U" ON "SE_VENDEN_PLANTAS"."DJANGO_CONTENT_TYPE" ("APP_LABEL", "MODEL") 
  PCTFREE 10 INITRANS 2 MAXTRANS 255 COMPUTE STATISTICS 
  STORAGE(INITIAL 65536 NEXT 1048576 MINEXTENTS 1 MAXEXTENTS 2147483645
  PCTINCREASE 0 FREELISTS 1 FREELIST GROUPS 1
  BUFFER_POOL DEFAULT FLASH_CACHE DEFAULT CELL_FLASH_CACHE DEFAULT)
  TABLESPACE "USERS" ;
--------------------------------------------------------
--  DDL for Index MENU_DIREC_USUARIO_ID_D9755BD6
--------------------------------------------------------

  CREATE INDEX "SE_VENDEN_PLANTAS"."MENU_DIREC_USUARIO_ID_D9755BD6" ON "SE_VENDEN_PLANTAS"."MENU_DIRECCION" ("USUARIO_ID") 
  PCTFREE 10 INITRANS 2 MAXTRANS 255 COMPUTE STATISTICS 
  STORAGE(INITIAL 65536 NEXT 1048576 MINEXTENTS 1 MAXEXTENTS 2147483645
  PCTINCREASE 0 FREELISTS 1 FREELIST GROUPS 1
  BUFFER_POOL DEFAULT FLASH_CACHE DEFAULT CELL_FLASH_CACHE DEFAULT)
  TABLESPACE "USERS" ;
--------------------------------------------------------
--  DDL for Index DJANGO_ADM_CONTENT_TY_C4BCE8EB
--------------------------------------------------------

  CREATE INDEX "SE_VENDEN_PLANTAS"."DJANGO_ADM_CONTENT_TY_C4BCE8EB" ON "SE_VENDEN_PLANTAS"."DJANGO_ADMIN_LOG" ("CONTENT_TYPE_ID") 
  PCTFREE 10 INITRANS 2 MAXTRANS 255 COMPUTE STATISTICS 
  STORAGE(INITIAL 65536 NEXT 1048576 MINEXTENTS 1 MAXEXTENTS 2147483645
  PCTINCREASE 0 FREELISTS 1 FREELIST GROUPS 1
  BUFFER_POOL DEFAULT FLASH_CACHE DEFAULT CELL_FLASH_CACHE DEFAULT)
  TABLESPACE "USERS" ;
--------------------------------------------------------
--  DDL for Index MENU_PRODU_CATEGORIA__3F2522D6
--------------------------------------------------------

  CREATE INDEX "SE_VENDEN_PLANTAS"."MENU_PRODU_CATEGORIA__3F2522D6" ON "SE_VENDEN_PLANTAS"."MENU_PRODUCTO" ("CATEGORIA_ID") 
  PCTFREE 10 INITRANS 2 MAXTRANS 255 COMPUTE STATISTICS 
  STORAGE(INITIAL 65536 NEXT 1048576 MINEXTENTS 1 MAXEXTENTS 2147483645
  PCTINCREASE 0 FREELISTS 1 FREELIST GROUPS 1
  BUFFER_POOL DEFAULT FLASH_CACHE DEFAULT CELL_FLASH_CACHE DEFAULT)
  TABLESPACE "USERS" ;
--------------------------------------------------------
--  DDL for Index AUTH_GROUP_GROUP_ID_B120CBF9
--------------------------------------------------------

  CREATE INDEX "SE_VENDEN_PLANTAS"."AUTH_GROUP_GROUP_ID_B120CBF9" ON "SE_VENDEN_PLANTAS"."AUTH_GROUP_PERMISSIONS" ("GROUP_ID") 
  PCTFREE 10 INITRANS 2 MAXTRANS 255 COMPUTE STATISTICS 
  TABLESPACE "USERS" ;
--------------------------------------------------------
--  DDL for Index AUTH_GROUP_PERMISSION_84C5C92E
--------------------------------------------------------

  CREATE INDEX "SE_VENDEN_PLANTAS"."AUTH_GROUP_PERMISSION_84C5C92E" ON "SE_VENDEN_PLANTAS"."AUTH_GROUP_PERMISSIONS" ("PERMISSION_ID") 
  PCTFREE 10 INITRANS 2 MAXTRANS 255 COMPUTE STATISTICS 
  TABLESPACE "USERS" ;
--------------------------------------------------------
--  DDL for Index DJANGO_ADM_USER_ID_C564EBA6
--------------------------------------------------------

  CREATE INDEX "SE_VENDEN_PLANTAS"."DJANGO_ADM_USER_ID_C564EBA6" ON "SE_VENDEN_PLANTAS"."DJANGO_ADMIN_LOG" ("USER_ID") 
  PCTFREE 10 INITRANS 2 MAXTRANS 255 COMPUTE STATISTICS 
  STORAGE(INITIAL 65536 NEXT 1048576 MINEXTENTS 1 MAXEXTENTS 2147483645
  PCTINCREASE 0 FREELISTS 1 FREELIST GROUPS 1
  BUFFER_POOL DEFAULT FLASH_CACHE DEFAULT CELL_FLASH_CACHE DEFAULT)
  TABLESPACE "USERS" ;
--------------------------------------------------------
--  DDL for Index MENU_FACTU_USUARIO_ID_282A8E78
--------------------------------------------------------

  CREATE INDEX "SE_VENDEN_PLANTAS"."MENU_FACTU_USUARIO_ID_282A8E78" ON "SE_VENDEN_PLANTAS"."MENU_FACTURA" ("USUARIO_ID") 
  PCTFREE 10 INITRANS 2 MAXTRANS 255 COMPUTE STATISTICS 
  STORAGE(INITIAL 65536 NEXT 1048576 MINEXTENTS 1 MAXEXTENTS 2147483645
  PCTINCREASE 0 FREELISTS 1 FREELIST GROUPS 1
  BUFFER_POOL DEFAULT FLASH_CACHE DEFAULT CELL_FLASH_CACHE DEFAULT)
  TABLESPACE "USERS" ;
--------------------------------------------------------
--  DDL for Index AUTH_USER__USER_ID_A95EAD1B
--------------------------------------------------------

  CREATE INDEX "SE_VENDEN_PLANTAS"."AUTH_USER__USER_ID_A95EAD1B" ON "SE_VENDEN_PLANTAS"."AUTH_USER_USER_PERMISSIONS" ("USER_ID") 
  PCTFREE 10 INITRANS 2 MAXTRANS 255 COMPUTE STATISTICS 
  TABLESPACE "USERS" ;
--------------------------------------------------------
--  DDL for Index MENU_DIREC_COMUNA_ID_C3AB4ECC
--------------------------------------------------------

  CREATE INDEX "SE_VENDEN_PLANTAS"."MENU_DIREC_COMUNA_ID_C3AB4ECC" ON "SE_VENDEN_PLANTAS"."MENU_DIRECCION" ("COMUNA_ID") 
  PCTFREE 10 INITRANS 2 MAXTRANS 255 COMPUTE STATISTICS 
  STORAGE(INITIAL 65536 NEXT 1048576 MINEXTENTS 1 MAXEXTENTS 2147483645
  PCTINCREASE 0 FREELISTS 1 FREELIST GROUPS 1
  BUFFER_POOL DEFAULT FLASH_CACHE DEFAULT CELL_FLASH_CACHE DEFAULT)
  TABLESPACE "USERS" ;
--------------------------------------------------------
--  DDL for Index MENU_USUAR_PREGUNTA_I_C7F9C5DA
--------------------------------------------------------

  CREATE INDEX "SE_VENDEN_PLANTAS"."MENU_USUAR_PREGUNTA_I_C7F9C5DA" ON "SE_VENDEN_PLANTAS"."MENU_USUARIO" ("PREGUNTA_ID") 
  PCTFREE 10 INITRANS 2 MAXTRANS 255 COMPUTE STATISTICS 
  STORAGE(INITIAL 65536 NEXT 1048576 MINEXTENTS 1 MAXEXTENTS 2147483645
  PCTINCREASE 0 FREELISTS 1 FREELIST GROUPS 1
  BUFFER_POOL DEFAULT FLASH_CACHE DEFAULT CELL_FLASH_CACHE DEFAULT)
  TABLESPACE "USERS" ;
--------------------------------------------------------
--  DDL for Index AUTH_PERMI_CONTENT_TY_2F476E4B
--------------------------------------------------------

  CREATE INDEX "SE_VENDEN_PLANTAS"."AUTH_PERMI_CONTENT_TY_2F476E4B" ON "SE_VENDEN_PLANTAS"."AUTH_PERMISSION" ("CONTENT_TYPE_ID") 
  PCTFREE 10 INITRANS 2 MAXTRANS 255 COMPUTE STATISTICS 
  STORAGE(INITIAL 65536 NEXT 1048576 MINEXTENTS 1 MAXEXTENTS 2147483645
  PCTINCREASE 0 FREELISTS 1 FREELIST GROUPS 1
  BUFFER_POOL DEFAULT FLASH_CACHE DEFAULT CELL_FLASH_CACHE DEFAULT)
  TABLESPACE "USERS" ;
--------------------------------------------------------
--  DDL for Index MENU_DETAL_FACTURA_ID_E435439C
--------------------------------------------------------

  CREATE INDEX "SE_VENDEN_PLANTAS"."MENU_DETAL_FACTURA_ID_E435439C" ON "SE_VENDEN_PLANTAS"."MENU_DETALLE" ("FACTURA_ID") 
  PCTFREE 10 INITRANS 2 MAXTRANS 255 COMPUTE STATISTICS 
  STORAGE(INITIAL 65536 NEXT 1048576 MINEXTENTS 1 MAXEXTENTS 2147483645
  PCTINCREASE 0 FREELISTS 1 FREELIST GROUPS 1
  BUFFER_POOL DEFAULT FLASH_CACHE DEFAULT CELL_FLASH_CACHE DEFAULT)
  TABLESPACE "USERS" ;
--------------------------------------------------------
--  DDL for Index AUTH_USER__PERMISSION_1FBB5F2C
--------------------------------------------------------

  CREATE INDEX "SE_VENDEN_PLANTAS"."AUTH_USER__PERMISSION_1FBB5F2C" ON "SE_VENDEN_PLANTAS"."AUTH_USER_USER_PERMISSIONS" ("PERMISSION_ID") 
  PCTFREE 10 INITRANS 2 MAXTRANS 255 COMPUTE STATISTICS 
  TABLESPACE "USERS" ;
--------------------------------------------------------
--  DDL for Index MENU_COMUNA_REGION_ID_B02AFBDB
--------------------------------------------------------

  CREATE INDEX "SE_VENDEN_PLANTAS"."MENU_COMUNA_REGION_ID_B02AFBDB" ON "SE_VENDEN_PLANTAS"."MENU_COMUNA" ("REGION_ID") 
  PCTFREE 10 INITRANS 2 MAXTRANS 255 COMPUTE STATISTICS 
  STORAGE(INITIAL 65536 NEXT 1048576 MINEXTENTS 1 MAXEXTENTS 2147483645
  PCTINCREASE 0 FREELISTS 1 FREELIST GROUPS 1
  BUFFER_POOL DEFAULT FLASH_CACHE DEFAULT CELL_FLASH_CACHE DEFAULT)
  TABLESPACE "USERS" ;
--------------------------------------------------------
--  DDL for Index MENU_USUARIO_ROL_ID_2FADA364
--------------------------------------------------------

  CREATE INDEX "SE_VENDEN_PLANTAS"."MENU_USUARIO_ROL_ID_2FADA364" ON "SE_VENDEN_PLANTAS"."MENU_USUARIO" ("ROL_ID") 
  PCTFREE 10 INITRANS 2 MAXTRANS 255 COMPUTE STATISTICS 
  STORAGE(INITIAL 65536 NEXT 1048576 MINEXTENTS 1 MAXEXTENTS 2147483645
  PCTINCREASE 0 FREELISTS 1 FREELIST GROUPS 1
  BUFFER_POOL DEFAULT FLASH_CACHE DEFAULT CELL_FLASH_CACHE DEFAULT)
  TABLESPACE "USERS" ;
--------------------------------------------------------
--  DDL for Index MENU_DETAL_PRODUCTO_I_D6150AD8
--------------------------------------------------------

  CREATE INDEX "SE_VENDEN_PLANTAS"."MENU_DETAL_PRODUCTO_I_D6150AD8" ON "SE_VENDEN_PLANTAS"."MENU_DETALLE" ("PRODUCTO_ID") 
  PCTFREE 10 INITRANS 2 MAXTRANS 255 COMPUTE STATISTICS 
  STORAGE(INITIAL 65536 NEXT 1048576 MINEXTENTS 1 MAXEXTENTS 2147483645
  PCTINCREASE 0 FREELISTS 1 FREELIST GROUPS 1
  BUFFER_POOL DEFAULT FLASH_CACHE DEFAULT CELL_FLASH_CACHE DEFAULT)
  TABLESPACE "USERS" ;
--------------------------------------------------------
--  DDL for Index AUTH_USER__USER_ID_6A12ED8B
--------------------------------------------------------

  CREATE INDEX "SE_VENDEN_PLANTAS"."AUTH_USER__USER_ID_6A12ED8B" ON "SE_VENDEN_PLANTAS"."AUTH_USER_GROUPS" ("USER_ID") 
  PCTFREE 10 INITRANS 2 MAXTRANS 255 COMPUTE STATISTICS 
  TABLESPACE "USERS" ;
--------------------------------------------------------
--  DDL for Index MENU_FACTU_DIRECCION__FC3F6B9F
--------------------------------------------------------

  CREATE INDEX "SE_VENDEN_PLANTAS"."MENU_FACTU_DIRECCION__FC3F6B9F" ON "SE_VENDEN_PLANTAS"."MENU_FACTURA" ("DIRECCION_ID") 
  PCTFREE 10 INITRANS 2 MAXTRANS 255 COMPUTE STATISTICS 
  STORAGE(INITIAL 65536 NEXT 1048576 MINEXTENTS 1 MAXEXTENTS 2147483645
  PCTINCREASE 0 FREELISTS 1 FREELIST GROUPS 1
  BUFFER_POOL DEFAULT FLASH_CACHE DEFAULT CELL_FLASH_CACHE DEFAULT)
  TABLESPACE "USERS" ;
--------------------------------------------------------
--  DDL for Index DJANGO_SES_EXPIRE_DAT_A5C62663
--------------------------------------------------------

  CREATE INDEX "SE_VENDEN_PLANTAS"."DJANGO_SES_EXPIRE_DAT_A5C62663" ON "SE_VENDEN_PLANTAS"."DJANGO_SESSION" ("EXPIRE_DATE") 
  PCTFREE 10 INITRANS 2 MAXTRANS 255 COMPUTE STATISTICS 
  STORAGE(INITIAL 65536 NEXT 1048576 MINEXTENTS 1 MAXEXTENTS 2147483645
  PCTINCREASE 0 FREELISTS 1 FREELIST GROUPS 1
  BUFFER_POOL DEFAULT FLASH_CACHE DEFAULT CELL_FLASH_CACHE DEFAULT)
  TABLESPACE "USERS" ;
--------------------------------------------------------
--  DDL for Index AUTH_USER__GROUP_ID_97559544
--------------------------------------------------------

  CREATE INDEX "SE_VENDEN_PLANTAS"."AUTH_USER__GROUP_ID_97559544" ON "SE_VENDEN_PLANTAS"."AUTH_USER_GROUPS" ("GROUP_ID") 
  PCTFREE 10 INITRANS 2 MAXTRANS 255 COMPUTE STATISTICS 
  TABLESPACE "USERS" ;
--------------------------------------------------------
--  Constraints for Table MENU_FACTURA
--------------------------------------------------------

  ALTER TABLE "SE_VENDEN_PLANTAS"."MENU_FACTURA" MODIFY ("ID_FACTURA" NOT NULL ENABLE);
  ALTER TABLE "SE_VENDEN_PLANTAS"."MENU_FACTURA" MODIFY ("FECHA_COMPRA" NOT NULL ENABLE);
  ALTER TABLE "SE_VENDEN_PLANTAS"."MENU_FACTURA" MODIFY ("F_DESPACHO" NOT NULL ENABLE);
  ALTER TABLE "SE_VENDEN_PLANTAS"."MENU_FACTURA" MODIFY ("F_ENTREGA" NOT NULL ENABLE);
  ALTER TABLE "SE_VENDEN_PLANTAS"."MENU_FACTURA" MODIFY ("COSTO_DESPACHO" NOT NULL ENABLE);
  ALTER TABLE "SE_VENDEN_PLANTAS"."MENU_FACTURA" MODIFY ("TOTAL" NOT NULL ENABLE);
  ALTER TABLE "SE_VENDEN_PLANTAS"."MENU_FACTURA" MODIFY ("DIRECCION_ID" NOT NULL ENABLE);
  ALTER TABLE "SE_VENDEN_PLANTAS"."MENU_FACTURA" MODIFY ("USUARIO_ID" NOT NULL ENABLE);
  ALTER TABLE "SE_VENDEN_PLANTAS"."MENU_FACTURA" ADD PRIMARY KEY ("ID_FACTURA")
  USING INDEX PCTFREE 10 INITRANS 2 MAXTRANS 255 
  STORAGE(INITIAL 65536 NEXT 1048576 MINEXTENTS 1 MAXEXTENTS 2147483645
  PCTINCREASE 0 FREELISTS 1 FREELIST GROUPS 1
  BUFFER_POOL DEFAULT FLASH_CACHE DEFAULT CELL_FLASH_CACHE DEFAULT)
  TABLESPACE "USERS"  ENABLE;
--------------------------------------------------------
--  Constraints for Table DJANGO_ADMIN_LOG
--------------------------------------------------------

  ALTER TABLE "SE_VENDEN_PLANTAS"."DJANGO_ADMIN_LOG" MODIFY ("ID" NOT NULL ENABLE);
  ALTER TABLE "SE_VENDEN_PLANTAS"."DJANGO_ADMIN_LOG" MODIFY ("ACTION_TIME" NOT NULL ENABLE);
  ALTER TABLE "SE_VENDEN_PLANTAS"."DJANGO_ADMIN_LOG" MODIFY ("ACTION_FLAG" NOT NULL ENABLE);
  ALTER TABLE "SE_VENDEN_PLANTAS"."DJANGO_ADMIN_LOG" MODIFY ("USER_ID" NOT NULL ENABLE);
  ALTER TABLE "SE_VENDEN_PLANTAS"."DJANGO_ADMIN_LOG" ADD CHECK ("ACTION_FLAG" >= 0) ENABLE;
  ALTER TABLE "SE_VENDEN_PLANTAS"."DJANGO_ADMIN_LOG" ADD PRIMARY KEY ("ID")
  USING INDEX PCTFREE 10 INITRANS 2 MAXTRANS 255 
  STORAGE(INITIAL 65536 NEXT 1048576 MINEXTENTS 1 MAXEXTENTS 2147483645
  PCTINCREASE 0 FREELISTS 1 FREELIST GROUPS 1
  BUFFER_POOL DEFAULT FLASH_CACHE DEFAULT CELL_FLASH_CACHE DEFAULT)
  TABLESPACE "USERS"  ENABLE;
--------------------------------------------------------
--  Constraints for Table AUTH_PERMISSION
--------------------------------------------------------

  ALTER TABLE "SE_VENDEN_PLANTAS"."AUTH_PERMISSION" MODIFY ("ID" NOT NULL ENABLE);
  ALTER TABLE "SE_VENDEN_PLANTAS"."AUTH_PERMISSION" MODIFY ("CONTENT_TYPE_ID" NOT NULL ENABLE);
  ALTER TABLE "SE_VENDEN_PLANTAS"."AUTH_PERMISSION" ADD PRIMARY KEY ("ID")
  USING INDEX PCTFREE 10 INITRANS 2 MAXTRANS 255 
  STORAGE(INITIAL 65536 NEXT 1048576 MINEXTENTS 1 MAXEXTENTS 2147483645
  PCTINCREASE 0 FREELISTS 1 FREELIST GROUPS 1
  BUFFER_POOL DEFAULT FLASH_CACHE DEFAULT CELL_FLASH_CACHE DEFAULT)
  TABLESPACE "USERS"  ENABLE;
  ALTER TABLE "SE_VENDEN_PLANTAS"."AUTH_PERMISSION" ADD CONSTRAINT "AUTH_PERM_CONTENT_T_01AB375A_U" UNIQUE ("CONTENT_TYPE_ID", "CODENAME")
  USING INDEX PCTFREE 10 INITRANS 2 MAXTRANS 255 COMPUTE STATISTICS 
  STORAGE(INITIAL 65536 NEXT 1048576 MINEXTENTS 1 MAXEXTENTS 2147483645
  PCTINCREASE 0 FREELISTS 1 FREELIST GROUPS 1
  BUFFER_POOL DEFAULT FLASH_CACHE DEFAULT CELL_FLASH_CACHE DEFAULT)
  TABLESPACE "USERS"  ENABLE;
--------------------------------------------------------
--  Constraints for Table DJANGO_MIGRATIONS
--------------------------------------------------------

  ALTER TABLE "SE_VENDEN_PLANTAS"."DJANGO_MIGRATIONS" MODIFY ("ID" NOT NULL ENABLE);
  ALTER TABLE "SE_VENDEN_PLANTAS"."DJANGO_MIGRATIONS" MODIFY ("APPLIED" NOT NULL ENABLE);
  ALTER TABLE "SE_VENDEN_PLANTAS"."DJANGO_MIGRATIONS" ADD PRIMARY KEY ("ID")
  USING INDEX PCTFREE 10 INITRANS 2 MAXTRANS 255 
  STORAGE(INITIAL 65536 NEXT 1048576 MINEXTENTS 1 MAXEXTENTS 2147483645
  PCTINCREASE 0 FREELISTS 1 FREELIST GROUPS 1
  BUFFER_POOL DEFAULT FLASH_CACHE DEFAULT CELL_FLASH_CACHE DEFAULT)
  TABLESPACE "USERS"  ENABLE;
--------------------------------------------------------
--  Constraints for Table MENU_PRODUCTO
--------------------------------------------------------

  ALTER TABLE "SE_VENDEN_PLANTAS"."MENU_PRODUCTO" MODIFY ("ID_PROD" NOT NULL ENABLE);
  ALTER TABLE "SE_VENDEN_PLANTAS"."MENU_PRODUCTO" MODIFY ("PRECIO" NOT NULL ENABLE);
  ALTER TABLE "SE_VENDEN_PLANTAS"."MENU_PRODUCTO" MODIFY ("STOCK" NOT NULL ENABLE);
  ALTER TABLE "SE_VENDEN_PLANTAS"."MENU_PRODUCTO" MODIFY ("CATEGORIA_ID" NOT NULL ENABLE);
  ALTER TABLE "SE_VENDEN_PLANTAS"."MENU_PRODUCTO" ADD PRIMARY KEY ("ID_PROD")
  USING INDEX PCTFREE 10 INITRANS 2 MAXTRANS 255 
  STORAGE(INITIAL 65536 NEXT 1048576 MINEXTENTS 1 MAXEXTENTS 2147483645
  PCTINCREASE 0 FREELISTS 1 FREELIST GROUPS 1
  BUFFER_POOL DEFAULT FLASH_CACHE DEFAULT CELL_FLASH_CACHE DEFAULT)
  TABLESPACE "USERS"  ENABLE;
--------------------------------------------------------
--  Constraints for Table MENU_REGION
--------------------------------------------------------

  ALTER TABLE "SE_VENDEN_PLANTAS"."MENU_REGION" MODIFY ("ID_REG" NOT NULL ENABLE);
  ALTER TABLE "SE_VENDEN_PLANTAS"."MENU_REGION" ADD PRIMARY KEY ("ID_REG")
  USING INDEX PCTFREE 10 INITRANS 2 MAXTRANS 255 
  STORAGE(INITIAL 65536 NEXT 1048576 MINEXTENTS 1 MAXEXTENTS 2147483645
  PCTINCREASE 0 FREELISTS 1 FREELIST GROUPS 1
  BUFFER_POOL DEFAULT FLASH_CACHE DEFAULT CELL_FLASH_CACHE DEFAULT)
  TABLESPACE "USERS"  ENABLE;
--------------------------------------------------------
--  Constraints for Table AUTH_GROUP
--------------------------------------------------------

  ALTER TABLE "SE_VENDEN_PLANTAS"."AUTH_GROUP" MODIFY ("ID" NOT NULL ENABLE);
  ALTER TABLE "SE_VENDEN_PLANTAS"."AUTH_GROUP" ADD PRIMARY KEY ("ID")
  USING INDEX PCTFREE 10 INITRANS 2 MAXTRANS 255 
  TABLESPACE "USERS"  ENABLE;
  ALTER TABLE "SE_VENDEN_PLANTAS"."AUTH_GROUP" ADD UNIQUE ("NAME")
  USING INDEX PCTFREE 10 INITRANS 2 MAXTRANS 255 
  TABLESPACE "USERS"  ENABLE;
--------------------------------------------------------
--  Constraints for Table AUTH_GROUP_PERMISSIONS
--------------------------------------------------------

  ALTER TABLE "SE_VENDEN_PLANTAS"."AUTH_GROUP_PERMISSIONS" MODIFY ("ID" NOT NULL ENABLE);
  ALTER TABLE "SE_VENDEN_PLANTAS"."AUTH_GROUP_PERMISSIONS" MODIFY ("GROUP_ID" NOT NULL ENABLE);
  ALTER TABLE "SE_VENDEN_PLANTAS"."AUTH_GROUP_PERMISSIONS" MODIFY ("PERMISSION_ID" NOT NULL ENABLE);
  ALTER TABLE "SE_VENDEN_PLANTAS"."AUTH_GROUP_PERMISSIONS" ADD PRIMARY KEY ("ID")
  USING INDEX PCTFREE 10 INITRANS 2 MAXTRANS 255 
  TABLESPACE "USERS"  ENABLE;
  ALTER TABLE "SE_VENDEN_PLANTAS"."AUTH_GROUP_PERMISSIONS" ADD CONSTRAINT "AUTH_GROU_GROUP_ID__0CD325B0_U" UNIQUE ("GROUP_ID", "PERMISSION_ID")
  USING INDEX PCTFREE 10 INITRANS 2 MAXTRANS 255 COMPUTE STATISTICS 
  TABLESPACE "USERS"  ENABLE;
--------------------------------------------------------
--  Constraints for Table MENU_COMUNA
--------------------------------------------------------

  ALTER TABLE "SE_VENDEN_PLANTAS"."MENU_COMUNA" MODIFY ("ID_COM" NOT NULL ENABLE);
  ALTER TABLE "SE_VENDEN_PLANTAS"."MENU_COMUNA" ADD PRIMARY KEY ("ID_COM")
  USING INDEX PCTFREE 10 INITRANS 2 MAXTRANS 255 
  STORAGE(INITIAL 65536 NEXT 1048576 MINEXTENTS 1 MAXEXTENTS 2147483645
  PCTINCREASE 0 FREELISTS 1 FREELIST GROUPS 1
  BUFFER_POOL DEFAULT FLASH_CACHE DEFAULT CELL_FLASH_CACHE DEFAULT)
  TABLESPACE "USERS"  ENABLE;
  ALTER TABLE "SE_VENDEN_PLANTAS"."MENU_COMUNA" MODIFY ("REGION_ID" NOT NULL ENABLE);
--------------------------------------------------------
--  Constraints for Table MENU_DIRECCION
--------------------------------------------------------

  ALTER TABLE "SE_VENDEN_PLANTAS"."MENU_DIRECCION" MODIFY ("ID_DIREC" NOT NULL ENABLE);
  ALTER TABLE "SE_VENDEN_PLANTAS"."MENU_DIRECCION" MODIFY ("COMUNA_ID" NOT NULL ENABLE);
  ALTER TABLE "SE_VENDEN_PLANTAS"."MENU_DIRECCION" ADD PRIMARY KEY ("ID_DIREC")
  USING INDEX PCTFREE 10 INITRANS 2 MAXTRANS 255 
  STORAGE(INITIAL 65536 NEXT 1048576 MINEXTENTS 1 MAXEXTENTS 2147483645
  PCTINCREASE 0 FREELISTS 1 FREELIST GROUPS 1
  BUFFER_POOL DEFAULT FLASH_CACHE DEFAULT CELL_FLASH_CACHE DEFAULT)
  TABLESPACE "USERS"  ENABLE;
  ALTER TABLE "SE_VENDEN_PLANTAS"."MENU_DIRECCION" MODIFY ("USUARIO_ID" NOT NULL ENABLE);
--------------------------------------------------------
--  Constraints for Table MENU_USUARIO
--------------------------------------------------------

  ALTER TABLE "SE_VENDEN_PLANTAS"."MENU_USUARIO" MODIFY ("ID_USUARIO" NOT NULL ENABLE);
  ALTER TABLE "SE_VENDEN_PLANTAS"."MENU_USUARIO" MODIFY ("PREGUNTA_ID" NOT NULL ENABLE);
  ALTER TABLE "SE_VENDEN_PLANTAS"."MENU_USUARIO" MODIFY ("ROL_ID" NOT NULL ENABLE);
  ALTER TABLE "SE_VENDEN_PLANTAS"."MENU_USUARIO" ADD PRIMARY KEY ("ID_USUARIO")
  USING INDEX PCTFREE 10 INITRANS 2 MAXTRANS 255 
  STORAGE(INITIAL 65536 NEXT 1048576 MINEXTENTS 1 MAXEXTENTS 2147483645
  PCTINCREASE 0 FREELISTS 1 FREELIST GROUPS 1
  BUFFER_POOL DEFAULT FLASH_CACHE DEFAULT CELL_FLASH_CACHE DEFAULT)
  TABLESPACE "USERS"  ENABLE;
--------------------------------------------------------
--  Constraints for Table MENU_ROL
--------------------------------------------------------

  ALTER TABLE "SE_VENDEN_PLANTAS"."MENU_ROL" MODIFY ("ID_ROL" NOT NULL ENABLE);
  ALTER TABLE "SE_VENDEN_PLANTAS"."MENU_ROL" ADD PRIMARY KEY ("ID_ROL")
  USING INDEX PCTFREE 10 INITRANS 2 MAXTRANS 255 
  STORAGE(INITIAL 65536 NEXT 1048576 MINEXTENTS 1 MAXEXTENTS 2147483645
  PCTINCREASE 0 FREELISTS 1 FREELIST GROUPS 1
  BUFFER_POOL DEFAULT FLASH_CACHE DEFAULT CELL_FLASH_CACHE DEFAULT)
  TABLESPACE "USERS"  ENABLE;
--------------------------------------------------------
--  Constraints for Table AUTH_USER_USER_PERMISSIONS
--------------------------------------------------------

  ALTER TABLE "SE_VENDEN_PLANTAS"."AUTH_USER_USER_PERMISSIONS" MODIFY ("ID" NOT NULL ENABLE);
  ALTER TABLE "SE_VENDEN_PLANTAS"."AUTH_USER_USER_PERMISSIONS" MODIFY ("USER_ID" NOT NULL ENABLE);
  ALTER TABLE "SE_VENDEN_PLANTAS"."AUTH_USER_USER_PERMISSIONS" MODIFY ("PERMISSION_ID" NOT NULL ENABLE);
  ALTER TABLE "SE_VENDEN_PLANTAS"."AUTH_USER_USER_PERMISSIONS" ADD PRIMARY KEY ("ID")
  USING INDEX PCTFREE 10 INITRANS 2 MAXTRANS 255 
  TABLESPACE "USERS"  ENABLE;
  ALTER TABLE "SE_VENDEN_PLANTAS"."AUTH_USER_USER_PERMISSIONS" ADD CONSTRAINT "AUTH_USER_USER_ID_P_14A6B632_U" UNIQUE ("USER_ID", "PERMISSION_ID")
  USING INDEX PCTFREE 10 INITRANS 2 MAXTRANS 255 COMPUTE STATISTICS 
  TABLESPACE "USERS"  ENABLE;
--------------------------------------------------------
--  Constraints for Table MENU_CATEGORIA
--------------------------------------------------------

  ALTER TABLE "SE_VENDEN_PLANTAS"."MENU_CATEGORIA" MODIFY ("ID_CATEGORIA" NOT NULL ENABLE);
  ALTER TABLE "SE_VENDEN_PLANTAS"."MENU_CATEGORIA" ADD PRIMARY KEY ("ID_CATEGORIA")
  USING INDEX PCTFREE 10 INITRANS 2 MAXTRANS 255 
  STORAGE(INITIAL 65536 NEXT 1048576 MINEXTENTS 1 MAXEXTENTS 2147483645
  PCTINCREASE 0 FREELISTS 1 FREELIST GROUPS 1
  BUFFER_POOL DEFAULT FLASH_CACHE DEFAULT CELL_FLASH_CACHE DEFAULT)
  TABLESPACE "USERS"  ENABLE;
--------------------------------------------------------
--  Constraints for Table DJANGO_CONTENT_TYPE
--------------------------------------------------------

  ALTER TABLE "SE_VENDEN_PLANTAS"."DJANGO_CONTENT_TYPE" MODIFY ("ID" NOT NULL ENABLE);
  ALTER TABLE "SE_VENDEN_PLANTAS"."DJANGO_CONTENT_TYPE" ADD PRIMARY KEY ("ID")
  USING INDEX PCTFREE 10 INITRANS 2 MAXTRANS 255 
  STORAGE(INITIAL 65536 NEXT 1048576 MINEXTENTS 1 MAXEXTENTS 2147483645
  PCTINCREASE 0 FREELISTS 1 FREELIST GROUPS 1
  BUFFER_POOL DEFAULT FLASH_CACHE DEFAULT CELL_FLASH_CACHE DEFAULT)
  TABLESPACE "USERS"  ENABLE;
  ALTER TABLE "SE_VENDEN_PLANTAS"."DJANGO_CONTENT_TYPE" ADD CONSTRAINT "DJANGO_CO_APP_LABEL_76BD3D3B_U" UNIQUE ("APP_LABEL", "MODEL")
  USING INDEX PCTFREE 10 INITRANS 2 MAXTRANS 255 COMPUTE STATISTICS 
  STORAGE(INITIAL 65536 NEXT 1048576 MINEXTENTS 1 MAXEXTENTS 2147483645
  PCTINCREASE 0 FREELISTS 1 FREELIST GROUPS 1
  BUFFER_POOL DEFAULT FLASH_CACHE DEFAULT CELL_FLASH_CACHE DEFAULT)
  TABLESPACE "USERS"  ENABLE;
--------------------------------------------------------
--  Constraints for Table DJANGO_SESSION
--------------------------------------------------------

  ALTER TABLE "SE_VENDEN_PLANTAS"."DJANGO_SESSION" MODIFY ("SESSION_KEY" NOT NULL ENABLE);
  ALTER TABLE "SE_VENDEN_PLANTAS"."DJANGO_SESSION" MODIFY ("EXPIRE_DATE" NOT NULL ENABLE);
  ALTER TABLE "SE_VENDEN_PLANTAS"."DJANGO_SESSION" ADD PRIMARY KEY ("SESSION_KEY")
  USING INDEX PCTFREE 10 INITRANS 2 MAXTRANS 255 
  STORAGE(INITIAL 65536 NEXT 1048576 MINEXTENTS 1 MAXEXTENTS 2147483645
  PCTINCREASE 0 FREELISTS 1 FREELIST GROUPS 1
  BUFFER_POOL DEFAULT FLASH_CACHE DEFAULT CELL_FLASH_CACHE DEFAULT)
  TABLESPACE "USERS"  ENABLE;
--------------------------------------------------------
--  Constraints for Table MENU_PREGUNTA
--------------------------------------------------------

  ALTER TABLE "SE_VENDEN_PLANTAS"."MENU_PREGUNTA" MODIFY ("ID_PREG" NOT NULL ENABLE);
  ALTER TABLE "SE_VENDEN_PLANTAS"."MENU_PREGUNTA" ADD PRIMARY KEY ("ID_PREG")
  USING INDEX PCTFREE 10 INITRANS 2 MAXTRANS 255 
  STORAGE(INITIAL 65536 NEXT 1048576 MINEXTENTS 1 MAXEXTENTS 2147483645
  PCTINCREASE 0 FREELISTS 1 FREELIST GROUPS 1
  BUFFER_POOL DEFAULT FLASH_CACHE DEFAULT CELL_FLASH_CACHE DEFAULT)
  TABLESPACE "USERS"  ENABLE;
--------------------------------------------------------
--  Constraints for Table MENU_DETALLE
--------------------------------------------------------

  ALTER TABLE "SE_VENDEN_PLANTAS"."MENU_DETALLE" MODIFY ("ID_DETALLE" NOT NULL ENABLE);
  ALTER TABLE "SE_VENDEN_PLANTAS"."MENU_DETALLE" MODIFY ("CANTIDAD" NOT NULL ENABLE);
  ALTER TABLE "SE_VENDEN_PLANTAS"."MENU_DETALLE" MODIFY ("SUBTOTAL" NOT NULL ENABLE);
  ALTER TABLE "SE_VENDEN_PLANTAS"."MENU_DETALLE" MODIFY ("FACTURA_ID" NOT NULL ENABLE);
  ALTER TABLE "SE_VENDEN_PLANTAS"."MENU_DETALLE" MODIFY ("PRODUCTO_ID" NOT NULL ENABLE);
  ALTER TABLE "SE_VENDEN_PLANTAS"."MENU_DETALLE" ADD PRIMARY KEY ("ID_DETALLE")
  USING INDEX PCTFREE 10 INITRANS 2 MAXTRANS 255 
  STORAGE(INITIAL 65536 NEXT 1048576 MINEXTENTS 1 MAXEXTENTS 2147483645
  PCTINCREASE 0 FREELISTS 1 FREELIST GROUPS 1
  BUFFER_POOL DEFAULT FLASH_CACHE DEFAULT CELL_FLASH_CACHE DEFAULT)
  TABLESPACE "USERS"  ENABLE;
--------------------------------------------------------
--  Constraints for Table AUTH_USER_GROUPS
--------------------------------------------------------

  ALTER TABLE "SE_VENDEN_PLANTAS"."AUTH_USER_GROUPS" MODIFY ("ID" NOT NULL ENABLE);
  ALTER TABLE "SE_VENDEN_PLANTAS"."AUTH_USER_GROUPS" MODIFY ("USER_ID" NOT NULL ENABLE);
  ALTER TABLE "SE_VENDEN_PLANTAS"."AUTH_USER_GROUPS" MODIFY ("GROUP_ID" NOT NULL ENABLE);
  ALTER TABLE "SE_VENDEN_PLANTAS"."AUTH_USER_GROUPS" ADD PRIMARY KEY ("ID")
  USING INDEX PCTFREE 10 INITRANS 2 MAXTRANS 255 
  TABLESPACE "USERS"  ENABLE;
  ALTER TABLE "SE_VENDEN_PLANTAS"."AUTH_USER_GROUPS" ADD CONSTRAINT "AUTH_USER_USER_ID_G_94350C0C_U" UNIQUE ("USER_ID", "GROUP_ID")
  USING INDEX PCTFREE 10 INITRANS 2 MAXTRANS 255 COMPUTE STATISTICS 
  TABLESPACE "USERS"  ENABLE;
--------------------------------------------------------
--  Constraints for Table AUTH_USER
--------------------------------------------------------

  ALTER TABLE "SE_VENDEN_PLANTAS"."AUTH_USER" MODIFY ("ID" NOT NULL ENABLE);
  ALTER TABLE "SE_VENDEN_PLANTAS"."AUTH_USER" MODIFY ("IS_SUPERUSER" NOT NULL ENABLE);
  ALTER TABLE "SE_VENDEN_PLANTAS"."AUTH_USER" MODIFY ("IS_STAFF" NOT NULL ENABLE);
  ALTER TABLE "SE_VENDEN_PLANTAS"."AUTH_USER" MODIFY ("IS_ACTIVE" NOT NULL ENABLE);
  ALTER TABLE "SE_VENDEN_PLANTAS"."AUTH_USER" MODIFY ("DATE_JOINED" NOT NULL ENABLE);
  ALTER TABLE "SE_VENDEN_PLANTAS"."AUTH_USER" ADD CHECK ("IS_SUPERUSER" IN (0,1)) ENABLE;
  ALTER TABLE "SE_VENDEN_PLANTAS"."AUTH_USER" ADD CHECK ("IS_STAFF" IN (0,1)) ENABLE;
  ALTER TABLE "SE_VENDEN_PLANTAS"."AUTH_USER" ADD CHECK ("IS_ACTIVE" IN (0,1)) ENABLE;
  ALTER TABLE "SE_VENDEN_PLANTAS"."AUTH_USER" ADD PRIMARY KEY ("ID")
  USING INDEX PCTFREE 10 INITRANS 2 MAXTRANS 255 
  STORAGE(INITIAL 65536 NEXT 1048576 MINEXTENTS 1 MAXEXTENTS 2147483645
  PCTINCREASE 0 FREELISTS 1 FREELIST GROUPS 1
  BUFFER_POOL DEFAULT FLASH_CACHE DEFAULT CELL_FLASH_CACHE DEFAULT)
  TABLESPACE "USERS"  ENABLE;
  ALTER TABLE "SE_VENDEN_PLANTAS"."AUTH_USER" ADD UNIQUE ("USERNAME")
  USING INDEX PCTFREE 10 INITRANS 2 MAXTRANS 255 
  STORAGE(INITIAL 65536 NEXT 1048576 MINEXTENTS 1 MAXEXTENTS 2147483645
  PCTINCREASE 0 FREELISTS 1 FREELIST GROUPS 1
  BUFFER_POOL DEFAULT FLASH_CACHE DEFAULT CELL_FLASH_CACHE DEFAULT)
  TABLESPACE "USERS"  ENABLE;
--------------------------------------------------------
--  Ref Constraints for Table AUTH_GROUP_PERMISSIONS
--------------------------------------------------------

  ALTER TABLE "SE_VENDEN_PLANTAS"."AUTH_GROUP_PERMISSIONS" ADD CONSTRAINT "AUTH_GROU_GROUP_ID_B120CBF9_F" FOREIGN KEY ("GROUP_ID")
	  REFERENCES "SE_VENDEN_PLANTAS"."AUTH_GROUP" ("ID") DEFERRABLE INITIALLY DEFERRED ENABLE;
  ALTER TABLE "SE_VENDEN_PLANTAS"."AUTH_GROUP_PERMISSIONS" ADD CONSTRAINT "AUTH_GROU_PERMISSIO_84C5C92E_F" FOREIGN KEY ("PERMISSION_ID")
	  REFERENCES "SE_VENDEN_PLANTAS"."AUTH_PERMISSION" ("ID") DEFERRABLE INITIALLY DEFERRED ENABLE;
--------------------------------------------------------
--  Ref Constraints for Table AUTH_PERMISSION
--------------------------------------------------------

  ALTER TABLE "SE_VENDEN_PLANTAS"."AUTH_PERMISSION" ADD CONSTRAINT "AUTH_PERM_CONTENT_T_2F476E4B_F" FOREIGN KEY ("CONTENT_TYPE_ID")
	  REFERENCES "SE_VENDEN_PLANTAS"."DJANGO_CONTENT_TYPE" ("ID") DEFERRABLE INITIALLY DEFERRED ENABLE;
--------------------------------------------------------
--  Ref Constraints for Table AUTH_USER_GROUPS
--------------------------------------------------------

  ALTER TABLE "SE_VENDEN_PLANTAS"."AUTH_USER_GROUPS" ADD CONSTRAINT "AUTH_USER_USER_ID_6A12ED8B_F" FOREIGN KEY ("USER_ID")
	  REFERENCES "SE_VENDEN_PLANTAS"."AUTH_USER" ("ID") DEFERRABLE INITIALLY DEFERRED ENABLE;
  ALTER TABLE "SE_VENDEN_PLANTAS"."AUTH_USER_GROUPS" ADD CONSTRAINT "AUTH_USER_GROUP_ID_97559544_F" FOREIGN KEY ("GROUP_ID")
	  REFERENCES "SE_VENDEN_PLANTAS"."AUTH_GROUP" ("ID") DEFERRABLE INITIALLY DEFERRED ENABLE;
--------------------------------------------------------
--  Ref Constraints for Table AUTH_USER_USER_PERMISSIONS
--------------------------------------------------------

  ALTER TABLE "SE_VENDEN_PLANTAS"."AUTH_USER_USER_PERMISSIONS" ADD CONSTRAINT "AUTH_USER_USER_ID_A95EAD1B_F" FOREIGN KEY ("USER_ID")
	  REFERENCES "SE_VENDEN_PLANTAS"."AUTH_USER" ("ID") DEFERRABLE INITIALLY DEFERRED ENABLE;
  ALTER TABLE "SE_VENDEN_PLANTAS"."AUTH_USER_USER_PERMISSIONS" ADD CONSTRAINT "AUTH_USER_PERMISSIO_1FBB5F2C_F" FOREIGN KEY ("PERMISSION_ID")
	  REFERENCES "SE_VENDEN_PLANTAS"."AUTH_PERMISSION" ("ID") DEFERRABLE INITIALLY DEFERRED ENABLE;
--------------------------------------------------------
--  Ref Constraints for Table DJANGO_ADMIN_LOG
--------------------------------------------------------

  ALTER TABLE "SE_VENDEN_PLANTAS"."DJANGO_ADMIN_LOG" ADD CONSTRAINT "DJANGO_AD_CONTENT_T_C4BCE8EB_F" FOREIGN KEY ("CONTENT_TYPE_ID")
	  REFERENCES "SE_VENDEN_PLANTAS"."DJANGO_CONTENT_TYPE" ("ID") DEFERRABLE INITIALLY DEFERRED ENABLE;
  ALTER TABLE "SE_VENDEN_PLANTAS"."DJANGO_ADMIN_LOG" ADD CONSTRAINT "DJANGO_AD_USER_ID_C564EBA6_F" FOREIGN KEY ("USER_ID")
	  REFERENCES "SE_VENDEN_PLANTAS"."AUTH_USER" ("ID") DEFERRABLE INITIALLY DEFERRED ENABLE;
--------------------------------------------------------
--  Ref Constraints for Table MENU_COMUNA
--------------------------------------------------------

  ALTER TABLE "SE_VENDEN_PLANTAS"."MENU_COMUNA" ADD CONSTRAINT "MENU_COMU_REGION_ID_B02AFBDB_F" FOREIGN KEY ("REGION_ID")
	  REFERENCES "SE_VENDEN_PLANTAS"."MENU_REGION" ("ID_REG") DEFERRABLE INITIALLY DEFERRED ENABLE;
--------------------------------------------------------
--  Ref Constraints for Table MENU_DETALLE
--------------------------------------------------------

  ALTER TABLE "SE_VENDEN_PLANTAS"."MENU_DETALLE" ADD CONSTRAINT "MENU_DETA_FACTURA_I_E435439C_F" FOREIGN KEY ("FACTURA_ID")
	  REFERENCES "SE_VENDEN_PLANTAS"."MENU_FACTURA" ("ID_FACTURA") DEFERRABLE INITIALLY DEFERRED ENABLE;
  ALTER TABLE "SE_VENDEN_PLANTAS"."MENU_DETALLE" ADD CONSTRAINT "MENU_DETA_PRODUCTO__D6150AD8_F" FOREIGN KEY ("PRODUCTO_ID")
	  REFERENCES "SE_VENDEN_PLANTAS"."MENU_PRODUCTO" ("ID_PROD") DEFERRABLE INITIALLY DEFERRED ENABLE;
--------------------------------------------------------
--  Ref Constraints for Table MENU_DIRECCION
--------------------------------------------------------

  ALTER TABLE "SE_VENDEN_PLANTAS"."MENU_DIRECCION" ADD CONSTRAINT "MENU_DIRE_USUARIO_I_D9755BD6_F" FOREIGN KEY ("USUARIO_ID")
	  REFERENCES "SE_VENDEN_PLANTAS"."MENU_USUARIO" ("ID_USUARIO") DEFERRABLE INITIALLY DEFERRED ENABLE;
  ALTER TABLE "SE_VENDEN_PLANTAS"."MENU_DIRECCION" ADD CONSTRAINT "MENU_DIRE_COMUNA_ID_C3AB4ECC_F" FOREIGN KEY ("COMUNA_ID")
	  REFERENCES "SE_VENDEN_PLANTAS"."MENU_COMUNA" ("ID_COM") DEFERRABLE INITIALLY DEFERRED ENABLE;
--------------------------------------------------------
--  Ref Constraints for Table MENU_FACTURA
--------------------------------------------------------

  ALTER TABLE "SE_VENDEN_PLANTAS"."MENU_FACTURA" ADD CONSTRAINT "MENU_FACT_DIRECCION_FC3F6B9F_F" FOREIGN KEY ("DIRECCION_ID")
	  REFERENCES "SE_VENDEN_PLANTAS"."MENU_DIRECCION" ("ID_DIREC") DEFERRABLE INITIALLY DEFERRED ENABLE;
  ALTER TABLE "SE_VENDEN_PLANTAS"."MENU_FACTURA" ADD CONSTRAINT "MENU_FACT_USUARIO_I_282A8E78_F" FOREIGN KEY ("USUARIO_ID")
	  REFERENCES "SE_VENDEN_PLANTAS"."MENU_USUARIO" ("ID_USUARIO") DEFERRABLE INITIALLY DEFERRED ENABLE;
--------------------------------------------------------
--  Ref Constraints for Table MENU_PRODUCTO
--------------------------------------------------------

  ALTER TABLE "SE_VENDEN_PLANTAS"."MENU_PRODUCTO" ADD CONSTRAINT "MENU_PROD_CATEGORIA_3F2522D6_F" FOREIGN KEY ("CATEGORIA_ID")
	  REFERENCES "SE_VENDEN_PLANTAS"."MENU_CATEGORIA" ("ID_CATEGORIA") DEFERRABLE INITIALLY DEFERRED ENABLE;
--------------------------------------------------------
--  Ref Constraints for Table MENU_USUARIO
--------------------------------------------------------

  ALTER TABLE "SE_VENDEN_PLANTAS"."MENU_USUARIO" ADD CONSTRAINT "MENU_USUA_PREGUNTA__C7F9C5DA_F" FOREIGN KEY ("PREGUNTA_ID")
	  REFERENCES "SE_VENDEN_PLANTAS"."MENU_PREGUNTA" ("ID_PREG") DEFERRABLE INITIALLY DEFERRED ENABLE;
  ALTER TABLE "SE_VENDEN_PLANTAS"."MENU_USUARIO" ADD CONSTRAINT "MENU_USUA_ROL_ID_2FADA364_F" FOREIGN KEY ("ROL_ID")
	  REFERENCES "SE_VENDEN_PLANTAS"."MENU_ROL" ("ID_ROL") DEFERRABLE INITIALLY DEFERRED ENABLE;
